Win Prob,Loss Prob,Tie Prob
0.455245,0.482194,0.0721848
0.416667,0.49053,0.10322
0.424242,0.478983,0.0967742
0.446139,0.484271,0.0772164
0.426923,0.484615,0.0923077
0.426214,0.493204,0.0834951
0.444444,0.465887,0.0935673
0.41537,0.498054,0.0914397
0.403733,0.516699,0.0825147
0.436893,0.475728,0.0883495
0.433723,0.463938,0.107212
0.425144,0.480806,0.0988484
0.434995,0.497556,0.0723363
0.42788,0.49274,0.0842207
0.426901,0.489279,0.0877193
0.444773,0.4714,0.0857988
0.385811,0.504373,0.111759
0.428848,0.474347,0.103582
0.439024,0.48,0.0839024
0.410853,0.496124,0.0959302
0.418605,0.508721,0.0784884
0.413926,0.500967,0.0880077
0.412104,0.502402,0.0902978
0.458937,0.461836,0.0888889
0.448039,0.467647,0.0872549
0.444874,0.497099,0.0667311
0.419011,0.492726,0.0911736
0.451644,0.462282,0.0880077
0.403304,0.485909,0.118562
0.418762,0.489362,0.0957447
0.427175,0.508309,0.0684262
0.415058,0.497104,0.0926641
0.451456,0.469903,0.0854369
0.459748,0.455868,0.0882638
0.411591,0.504912,0.0834971
0.43065,0.477207,0.0979631
0.460488,0.453659,0.0868293
0.431862,0.474088,0.0988484
0.445419,0.492203,0.0692008
0.421053,0.505848,0.0779727
0.431373,0.480392,0.0911765
0.442927,0.460488,0.0985366
0.430097,0.487379,0.0883495
0.421875,0.5,0.0810547
0.418041,0.490786,0.0960233
0.427746,0.488439,0.0867052
0.428432,0.49075,0.0847128
0.431487,0.45967,0.109815
0.421663,0.496132,0.089942
0.448343,0.481481,0.0740741
0.44152,0.473684,0.0896686
0.44894,0.471098,0.0847784
0.430244,0.497561,0.0760976
0.429126,0.462136,0.108738
0.427043,0.487354,0.0894942
0.434489,0.478805,0.0905588
0.439024,0.48878,0.075122
0.44358,0.468872,0.0904669
0.41537,0.505837,0.0817121
0.444015,0.476834,0.0820463
0.430934,0.469844,0.10214
0.434275,0.48296,0.0856865
0.435996,0.477382,0.0904716
0.425144,0.494242,0.0863724
0.430097,0.482524,0.0912621
0.446809,0.457447,0.101547
0.424658,0.491194,0.0870841
0.429688,0.481445,0.0917969
0.433526,0.470135,0.100193
0.457926,0.450098,0.0949119
0.431353,0.499513,0.0740019
0.433431,0.47036,0.0971817
0.428431,0.468627,0.105882
0.447674,0.472868,0.0804264
0.407407,0.515595,0.082846
0.411594,0.494686,0.0966184
0.446498,0.465953,0.094358
0.444337,0.46757,0.0909971
0.420643,0.494645,0.0866602
0.446169,0.467507,0.0902037
0.432302,0.492263,0.0793037
0.44186,0.472868,0.0872093
0.427053,0.495652,0.0792271
0.401552,0.510184,0.0911736
0.429672,0.493256,0.0857418
0.45,0.469608,0.0813725
0.419669,0.502434,0.0847128
0.441035,0.473634,0.0901246
0.411594,0.508213,0.0859903
0.445841,0.458414,0.102515
0.439806,0.469903,0.092233
0.419167,0.49274,0.090029
0.441205,0.478134,0.0816327
0.44605,0.470135,0.0876686
0.455348,0.44946,0.0981354
0.429688,0.466797,0.106445
0.42345,0.49031,0.0920543
0.423564,0.486855,0.0954236
0.417154,0.488304,0.0994152
0.403475,0.517375,0.0888031
0.412162,0.503861,0.0916988
0.44888,0.476144,0.0749757
0.418945,0.501953,0.0810547
0.452775,0.44888,0.101266
0.44227,0.47456,0.0861057
0.439143,0.465433,0.0983447
0.433723,0.476608,0.0925926
0.424155,0.485024,0.0937198
0.449612,0.478682,0.0775194
0.429254,0.476099,0.0975143
0.438235,0.47451,0.0911765
0.444229,0.458778,0.0979631
0.449079,0.457808,0.0940834
0.439453,0.46875,0.0947266
0.423977,0.487329,0.0935673
0.424419,0.476744,0.101744
0.428433,0.485493,0.0918762
0.404276,0.500486,0.0991254
0.428155,0.469903,0.104854
0.433852,0.467899,0.101167
0.443259,0.478177,0.0814743
0.429672,0.498073,0.0799615
0.449373,0.460945,0.0925747
0.430918,0.470531,0.102415
0.407157,0.511605,0.0870406
0.404878,0.521951,0.075122
0.422562,0.492352,0.0927342
0.438884,0.477382,0.0885467
0.421463,0.48878,0.0926829
0.449559,0.469148,0.0852106
0.408085,0.499519,0.0952839
0.4294,0.471954,0.10058
0.430097,0.46699,0.105825
0.429126,0.481553,0.0902913
0.413527,0.496618,0.0956522
0.443369,0.452081,0.106486
0.43259,0.487876,0.085354
0.420444,0.499518,0.0925747
0.441973,0.473888,0.0870406
0.411025,0.495164,0.0967118
0.428988,0.487354,0.0875486
0.431487,0.487852,0.0855199
0.425409,0.480269,0.0972089
0.413086,0.492188,0.0976562
0.423712,0.482021,0.0971817
0.432195,0.478049,0.0917073
0.42968,0.482056,0.0911736
0.444871,0.469799,0.0901246
0.428295,0.497093,0.0784884
0.458008,0.456055,0.0888672
0.430502,0.483591,0.0936293
0.489736,0.43304,0.0821114
0.433723,0.476608,0.0935673
0.431507,0.478474,0.0949119
0.426499,0.485493,0.0938104
0.413592,0.491262,0.1
0.417551,0.486017,0.0983607
0.44477,0.478983,0.0801564
0.445748,0.471163,0.086999
0.433269,0.495164,0.0793037
0.435624,0.478219,0.0909971
0.436346,0.472303,0.0942663
0.433464,0.482387,0.0861057
0.47093,0.428295,0.103682
0.415698,0.496124,0.0930233
0.415039,0.493164,0.0947266
0.451456,0.475728,0.076699
0.422179,0.496109,0.0865759
0.415534,0.506796,0.0796117
0.457971,0.458937,0.0898551
0.417551,0.506268,0.0800386
0.407625,0.489736,0.104594
0.426214,0.472816,0.105825
0.434866,0.491379,0.0795019
0.420797,0.478134,0.102041
0.420039,0.489403,0.0973025
0.434146,0.48,0.0897561
0.444123,0.461464,0.100193
0.439571,0.488304,0.0779727
0.435328,0.468147,0.0974903
0.430097,0.476699,0.0970874
0.414894,0.504836,0.0831721
0.438477,0.479492,0.0859375
0.411822,0.485465,0.10562
0.438169,0.479065,0.0847128
0.414327,0.488867,0.106486
0.449904,0.461464,0.0924855
0.442512,0.464734,0.0985507
0.417722,0.476144,0.111003
0.418984,0.483221,0.0997124
0.457854,0.452107,0.0929119
0.404647,0.499516,0.102614
0.408341,0.513094,0.0872939
0.452174,0.467633,0.0811594
0.427459,0.480039,0.0963973
0.460488,0.453659,0.0897561
0.416748,0.494645,0.090555
0.434402,0.47619,0.0932945
0.409533,0.502918,0.0914397
0.435167,0.469548,0.0972495
0.448473,0.473282,0.0858779
0.434868,0.476004,0.0920666
0.424214,0.487131,0.0934223
0.451644,0.457447,0.0947776
0.443689,0.46699,0.0961165
0.440233,0.47619,0.0894072
0.441724,0.464251,0.0999021
0.418537,0.498537,0.0878049
0.4,0.511765,0.0921569
0.423265,0.495601,0.0879765
0.453831,0.47446,0.0746562
0.420039,0.496146,0.088632
0.452611,0.472921,0.0793037
0.447498,0.461237,0.0932287
0.441433,0.476283,0.0880929
0.429816,0.476283,0.0968054
0.450389,0.45428,0.100195
0.460945,0.477338,0.0684667
0.427317,0.486829,0.0907317
0.431467,0.491313,0.0878378
0.430502,0.477799,0.0955598
0.398453,0.515474,0.0909091
0.460117,0.462062,0.0856031
0.427474,0.510086,0.0720461
0.441433,0.481123,0.0822846
0.419103,0.503899,0.0779727
0.386473,0.515942,0.100483
0.423002,0.487329,0.0945419
0.432617,0.473633,0.0966797
0.443798,0.454457,0.103682
0.43285,0.48599,0.0859903
0.421359,0.484466,0.0961165
0.402927,0.513171,0.0926829
0.4294,0.494197,0.0802708
0.434402,0.474247,0.0962099
0.423712,0.485909,0.0923226
0.459144,0.446498,0.098249
0.404854,0.504854,0.0912621
0.434442,0.488258,0.0802348
0.430097,0.480583,0.0941748
0.415861,0.490329,0.0957447
0.449515,0.46699,0.0854369
0.444337,0.46757,0.0958374
0.413462,0.488462,0.103846
0.429961,0.474708,0.0972763
0.426357,0.483527,0.0910853
0.438477,0.483398,0.0791016
0.42131,0.493646,0.0889541
0.431752,0.477251,0.0939013
0.420849,0.489382,0.0916988
0.472517,0.451302,0.0810029
0.420543,0.5,0.0862403
0.434185,0.472495,0.0962672
0.42278,0.496139,0.0878378
0.422439,0.484878,0.0965854
0.430097,0.486408,0.0873786
0.413592,0.48932,0.1
0.437561,0.47241,0.0968054
0.444336,0.467773,0.0908203
0.418199,0.488867,0.0968054
0.415622,0.495661,0.0916104
0.43756,0.482364,0.0829361
0.422222,0.488889,0.0937198
0.433431,0.484937,0.0855199
0.429406,0.495618,0.0817916
0.454721,0.461464,0.0895954
0.408382,0.487329,0.107212
0.404462,0.491756,0.108632
0.451149,0.462644,0.091954
0.400774,0.517909,0.0861568
0.445959,0.462512,0.0915287
0.456311,0.464078,0.084466
0.42607,0.506809,0.0690661
0.413397,0.501435,0.0870813
0.419167,0.501452,0.0832527
0.420488,0.484878,0.0956098
0.445841,0.475822,0.0870406
0.438235,0.471569,0.0941176
0.443149,0.474247,0.0855199
0.442105,0.469856,0.0937799
0.437561,0.478219,0.089061
0.446394,0.468811,0.088694
0.425388,0.495155,0.0852713
0.42386,0.483996,0.0969932
0.403679,0.509197,0.0909971
0.424094,0.487757,0.0910872
0.434656,0.476283,0.090029
0.422929,0.495183,0.0857418
0.412668,0.494242,0.0940499
0.460501,0.456647,0.0857418
0.440777,0.46699,0.100971
0.422439,0.499512,0.08
0.418447,0.499029,0.0883495
0.438905,0.471163,0.0909091
0.396467,0.50736,0.101079
0.429961,0.464981,0.107004
0.437137,0.468085,0.0976789
0.426901,0.487329,0.0906433
0.431731,0.502885,0.0730769
0.418041,0.509214,0.085354
0.421256,0.48599,0.0985507
0.44358,0.463035,0.0972763
0.442733,0.479307,0.0846968
0.435078,0.471899,0.0988372
0.429952,0.50628,0.0743961
0.434656,0.475315,0.0919652
0.434402,0.499514,0.0728863
0.438665,0.487733,0.0745829
0.416263,0.510165,0.0822846
0.438104,0.475822,0.0909091
0.435374,0.463557,0.102041
0.423265,0.495601,0.0860215
0.447907,0.473223,0.0827653
0.458333,0.44186,0.100775
0.423301,0.516505,0.0669903
0.422439,0.48878,0.0907317
0.445305,0.459826,0.0968054
0.424684,0.489796,0.0894072
0.461988,0.457115,0.088694
0.417154,0.492203,0.0955166
0.421663,0.497099,0.0889749
0.422439,0.491707,0.0917073
0.417939,0.501908,0.0877863
0.406402,0.508244,0.0882638
0.44112,0.480695,0.0810811
0.438953,0.473837,0.0901163
0.441148,0.48134,0.0822967
0.432749,0.493177,0.0769981
0.4294,0.477756,0.0947776
0.439379,0.474297,0.0911736
0.42787,0.498528,0.0755643
0.440154,0.473938,0.0897683
0.43122,0.49561,0.0780488
0.405825,0.51068,0.0864078
0.438104,0.480658,0.0851064
0.423977,0.494152,0.0838207
0.423188,0.500483,0.0811594
0.462802,0.456039,0.0859903
0.428571,0.482993,0.090379
0.391431,0.496592,0.114898
0.425908,0.48577,0.0902846
0.420951,0.467507,0.113482
0.418627,0.489216,0.095098
0.455769,0.465385,0.0836538
0.457692,0.472115,0.0788462
0.429273,0.501965,0.0707269
0.418762,0.491296,0.0967118
0.417881,0.515063,0.0728863
0.443798,0.478682,0.0843023
0.418853,0.494655,0.0884354
0.412281,0.499025,0.0916179
0.431992,0.488506,0.0871648
0.453049,0.461762,0.0880929
0.417476,0.493204,0.0941748
0.422481,0.486434,0.0959302
0.404624,0.496146,0.10501
0.462056,0.465898,0.079731
0.424242,0.486804,0.0909091
0.421206,0.478599,0.105058
0.420498,0.495211,0.0929119
0.402711,0.50242,0.105518
0.401168,0.514119,0.0886076
0.405458,0.513645,0.0847953
0.415954,0.504274,0.0845204
0.418447,0.497087,0.0893204
0.422135,0.485798,0.0940255
0.437016,0.462209,0.102713
0.435922,0.478641,0.0932039
0.444874,0.489362,0.0715667
0.407729,0.497585,0.0966184
0.441006,0.472921,0.089942
0.441319,0.479146,0.0843841
0.432645,0.487709,0.0825959
0.422439,0.479024,0.102439
0.44971,0.462282,0.0918762
0.452703,0.466216,0.0849421
0.43738,0.475915,0.0905588
0.444015,0.468147,0.0897683
0.444337,0.46757,0.0929332
0.426923,0.484615,0.0942308
0.433301,0.481013,0.0886076
0.425097,0.486381,0.0933852
0.419355,0.488759,0.0938416
0.425097,0.480545,0.0992218
0.435624,0.471442,0.100678
0.400591,0.499016,0.100394
0.420388,0.485437,0.0990291
0.407191,0.507289,0.0874636
0.440465,0.488867,0.0745402
0.437928,0.481916,0.0821114
0.42289,0.479146,0.099903
0.432459,0.467444,0.103013
0.439689,0.488327,0.0749027
0.439614,0.478261,0.0879227
0.44347,0.482456,0.0779727
0.418762,0.479691,0.105416
0.435484,0.483871,0.0872865
0.434825,0.474708,0.0933852
0.445205,0.47456,0.0831703
0.420176,0.477963,0.104799
0.415851,0.508806,0.0763209
0.42885,0.479532,0.0916179
0.433171,0.490732,0.0790244
0.448008,0.474247,0.0835763
0.423301,0.494175,0.0854369
0.441205,0.48105,0.0835763
0.450635,0.472141,0.0811339
0.435328,0.477799,0.0916988
0.424125,0.502918,0.077821
0.454017,0.454985,0.0939013
0.419261,0.490272,0.0933852
0.413827,0.499513,0.0934761
0.41376,0.499031,0.0920543
0.397849,0.511241,0.0957967
0.446602,0.46699,0.0912621
0.417808,0.495108,0.0919765
0.406763,0.515942,0.0908213
0.418919,0.486486,0.0984556
0.385896,0.525955,0.0901077
0.420332,0.479961,0.103617
0.412853,0.501461,0.0876339
0.443798,0.479651,0.0823643
0.409962,0.494253,0.0996169
0.406731,0.504808,0.0932692
0.438953,0.47093,0.0949612
0.421206,0.488327,0.0963035
0.442913,0.482283,0.0767717
0.400971,0.491262,0.11068
0.425511,0.506329,0.0740019
0.447471,0.478599,0.0826848
0.477295,0.448309,0.0763285
0.420488,0.476098,0.106341
0.4375,0.485352,0.0800781
0.413659,0.499512,0.0887805
0.461759,0.457935,0.08413
0.42278,0.484556,0.0955598
0.433981,0.48932,0.0834951
0.431335,0.470019,0.101547
0.43301,0.479612,0.0902913
0.462874,0.455159,0.0858245
0.4258,0.495635,0.086324
0.43314,0.467054,0.102713
0.421769,0.490768,0.0884354
0.425511,0.494645,0.0847128
0.446498,0.460117,0.098249
0.412391,0.508228,0.089061
0.437561,0.482091,0.0832527
0.442829,0.485465,0.0784884
0.435453,0.487476,0.0818882
0.44086,0.485826,0.0742913
0.447013,0.485549,0.0751445
0.445192,0.472115,0.0884615
0.439806,0.470874,0.092233
0.429126,0.468932,0.105825
0.446169,0.455868,0.102813
0.414563,0.498058,0.0902913
0.411594,0.498551,0.0985507
0.441233,0.462428,0.0973025
0.419011,0.495635,0.0882638
0.430368,0.479691,0.0938104
0.419922,0.485352,0.0957031
0.426901,0.473684,0.103314
0.406763,0.498551,0.0975845
0.406037,0.507303,0.0925024
0.447139,0.470417,0.086324
0.444227,0.46184,0.0958904
0.43259,0.489816,0.0785645
0.451644,0.472921,0.0793037
0.442085,0.473938,0.0888031
0.427466,0.484526,0.0918762
0.40176,0.497556,0.103617
0.438224,0.48166,0.0839768
0.449515,0.478641,0.0737864
0.421616,0.496592,0.0856865
0.425532,0.487427,0.0957447
0.430664,0.475586,0.0947266
0.44186,0.487403,0.0746124
0.443478,0.452174,0.107246
0.403257,0.501916,0.0977011
0.455954,0.458858,0.0909971
0.414729,0.48062,0.106589
0.414467,0.490714,0.0987292
0.43272,0.490803,0.0813166
0.410853,0.500969,0.0930233
0.460488,0.457561,0.0829268
0.427459,0.487829,0.0876339
0.414729,0.485465,0.104651
0.403086,0.507232,0.096432
0.43818,0.480712,0.0811078
0.443907,0.478723,0.0802708
0.411937,0.492172,0.0988258
0.439497,0.47241,0.090029
0.415861,0.501934,0.0851064
0.445525,0.466926,0.0914397
0.429971,0.481881,0.0881489
0.438356,0.482387,0.0831703
0.418041,0.488846,0.0979631
0.450923,0.462585,0.0874636
0.437016,0.487403,0.0784884
0.40405,0.500482,0.0973963
0.4258,0.485936,0.0931135
0.408738,0.504854,0.0912621
0.426758,0.463867,0.111328
0.439571,0.475634,0.0896686
0.437196,0.47517,0.0895813
0.422929,0.487476,0.0963391
0.43162,0.482056,0.0902037
0.436346,0.485909,0.0835763
0.444231,0.452885,0.109615
0.423712,0.504373,0.0777454
0.402711,0.498548,0.107454
0.439846,0.470645,0.093359
0.435624,0.481123,0.0909971
0.427474,0.492795,0.0845341
0.415222,0.501927,0.0895954
0.423631,0.479347,0.101825
0.435749,0.482126,0.0859903
0.420543,0.488372,0.0949612
0.422671,0.490874,0.0893372
0.437801,0.47541,0.0906461
0.44648,0.466731,0.0935391
0.412221,0.504365,0.086324
0.431316,0.473583,0.104707
0.446829,0.472195,0.0829268
0.456311,0.438835,0.108738
0.449559,0.472086,0.0803134
0.433237,0.480307,0.0893372
0.401726,0.506232,0.0997124
0.442177,0.471331,0.0913508
0.402132,0.508721,0.0930233
0.395551,0.503868,0.106383
0.431467,0.470077,0.103282
0.423002,0.486355,0.0935673
0.4355,0.479146,0.0892338
0.435159,0.481268,0.0854947
0.418762,0.490329,0.0957447
0.432039,0.480583,0.0932039
0.449568,0.481268,0.0768492
0.442401,0.474347,0.0861568
0.439528,0.485742,0.0747296
0.401157,0.503375,0.099325
0.42259,0.492697,0.0856865
0.413086,0.50293,0.0869141
0.436647,0.503899,0.0653021
0.457198,0.464981,0.0856031
0.424805,0.481445,0.0966797
0.419261,0.4893,0.0953307
0.419167,0.49274,0.0919652
0.391473,0.522287,0.0930233
0.406647,0.518084,0.083089
0.392996,0.513619,0.0963035
0.415058,0.491313,0.0984556
0.424684,0.49174,0.090379
0.434146,0.485854,0.0878049
0.432171,0.477713,0.0939922
0.401361,0.505345,0.0991254
0.452498,0.441724,0.108717
0.452148,0.459961,0.0908203
0.430918,0.491787,0.0821256
0.42623,0.478303,0.101254
0.422481,0.5,0.0794574
0.431068,0.480583,0.0902913
0.408382,0.497076,0.0964912
0.444767,0.474806,0.0881783
0.449471,0.469682,0.0856593
0.428571,0.490347,0.0839768
0.429961,0.480545,0.0963035
0.433723,0.478558,0.0916179
0.447445,0.485053,0.0761813
0.428709,0.482659,0.0973025
0.440546,0.471735,0.0916179
0.427063,0.488484,0.0882917
0.44358,0.464008,0.094358
0.425926,0.483431,0.0964912
0.44112,0.480695,0.0859073
0.451988,0.451018,0.099903
0.431884,0.482126,0.0869565
0.413127,0.491313,0.101351
0.454456,0.463271,0.0842311
0.422287,0.498534,0.083089
0.433852,0.486381,0.0836576
0.423892,0.49422,0.0867052
0.434236,0.466151,0.103482
0.417315,0.494163,0.0904669
0.448544,0.470874,0.0825243
0.427317,0.487805,0.0887805
0.427203,0.478927,0.0977011
0.418112,0.481696,0.102119
0.427184,0.504854,0.0747573
0.445631,0.465049,0.0932039
0.410506,0.507782,0.0856031
0.414706,0.498039,0.0901961
0.425243,0.472816,0.106796
0.416505,0.509709,0.076699
0.418129,0.494152,0.0906433
0.428986,0.499517,0.0724638
0.407946,0.506783,0.0872093
0.420136,0.493708,0.0919652
0.428711,0.495117,0.0791016
0.408696,0.511111,0.0830918
0.431202,0.48062,0.0949612
0.426485,0.483934,0.0925024
0.452335,0.460117,0.0904669
0.415622,0.496625,0.0935391
0.424926,0.478901,0.0971541
0.412621,0.509709,0.0786408
0.435547,0.485352,0.0820312
0.427586,0.479803,0.0955665
0.43499,0.463671,0.106119
0.413191,0.508244,0.0785645
0.414132,0.497547,0.0912659
0.452941,0.461765,0.0892157
0.441748,0.460194,0.100971
0.426527,0.490458,0.0887405
0.452519,0.463178,0.0872093
0.436346,0.469388,0.102041
0.443259,0.473327,0.0882638
0.442064,0.478092,0.0895813
0.421875,0.498047,0.0830078
0.452266,0.457088,0.0954677
0.433688,0.484027,0.089061
0.412051,0.492711,0.102041
0.420488,0.489756,0.0926829
0.422115,0.496154,0.0865385
0.387537,0.512171,0.10224
0.396932,0.522531,0.0882071
0.424684,0.484937,0.0932945
0.435159,0.492795,0.0787704
0.43162,0.494665,0.0805044
0.438409,0.479146,0.085354
0.419417,0.476699,0.106796
0.432879,0.473735,0.094358
0.40708,0.510324,0.0855457
0.42483,0.494665,0.0843841
0.45667,0.468354,0.0788705
0.438529,0.464666,0.106486
0.422179,0.488327,0.0914397
0.465318,0.45183,0.0867052
0.431202,0.496124,0.0755814
0.443902,0.472195,0.084878
0.401168,0.511198,0.0915287
0.430244,0.489756,0.084878
0.417954,0.507722,0.0830116
0.417315,0.5107,0.07393
0.418357,0.485024,0.103382
0.442829,0.467054,0.0910853
0.401751,0.512646,0.0914397
0.402913,0.516505,0.0864078
0.466407,0.44888,0.0856865
0.416988,0.48166,0.106178
0.448008,0.464529,0.0894072
0.415131,0.508244,0.0814743
0.433654,0.484615,0.0846154
0.4258,0.483026,0.0950533
0.415058,0.491313,0.0974903
0.45245,0.475504,0.0806916
0.426513,0.487032,0.0912584
0.435421,0.476517,0.0949119
0.439335,0.459883,0.101761
0.462218,0.464181,0.0785083
0.439261,0.48105,0.0826045
0.435078,0.483527,0.0843023
0.444229,0.473327,0.0834142
0.423484,0.487969,0.0943215
0.426485,0.489776,0.0856865
0.416023,0.492278,0.0955598
0.438596,0.483431,0.082846
0.455954,0.463698,0.0842207
0.419789,0.494717,0.0883766
0.4355,0.500485,0.0688652
0.438409,0.477207,0.0882638
0.421616,0.485881,0.097371
0.408872,0.497589,0.096432
0.402927,0.487805,0.114146
0.427326,0.486434,0.0901163
0.437622,0.483431,0.0838207
0.424419,0.483527,0.0959302
0.414873,0.490215,0.0978474
0.411423,0.49758,0.0939013
0.441748,0.47767,0.0854369
0.445192,0.459615,0.0971154
0.426386,0.487572,0.0965583
0.429816,0.490803,0.0832527
0.427184,0.476699,0.102913
0.420749,0.486071,0.0989433
0.42029,0.494686,0.0937198
0.442607,0.464981,0.0992218
0.426357,0.474806,0.103682
0.405063,0.519961,0.0798442
0.429961,0.486381,0.0856031
0.442623,0.462874,0.102218
0.442085,0.482625,0.0781853
0.437801,0.486982,0.0829315
0.444444,0.477011,0.085249
0.434198,0.476465,0.0979827
0.390126,0.520813,0.0939013
0.451988,0.476237,0.0756547
0.45098,0.468627,0.0823529
0.435283,0.490892,0.0795781
0.405405,0.496139,0.101351
0.407407,0.496101,0.10039
0.439453,0.472656,0.0908203
0.468168,0.456415,0.0763957
0.432146,0.490857,0.0779596
0.42968,0.482056,0.0902037
0.416748,0.49075,0.097371
0.448643,0.466085,0.0872093
0.43301,0.492233,0.0815534
0.438647,0.480193,0.0879227
0.427053,0.464734,0.111111
0.439806,0.46699,0.0980583
0.441724,0.491675,0.0705191
0.459223,0.478641,0.0660194
0.393792,0.511154,0.0979631
0.428158,0.473481,0.101254
0.423712,0.472303,0.104956
0.44186,0.485465,0.0755814
0.422481,0.492248,0.0881783
0.450292,0.45809,0.0945419
0.441634,0.464008,0.101167
0.471735,0.430799,0.0984405
0.450732,0.478049,0.075122
0.418199,0.498548,0.090029
0.417561,0.48878,0.0965854
0.401751,0.520428,0.0817121
0.429808,0.482692,0.0884615
0.461463,0.469268,0.0721951
0.43122,0.485854,0.0839024
0.430934,0.499027,0.0787938
0.430108,0.482893,0.0889541
0.443259,0.476237,0.086324
0.428295,0.469961,0.104651
0.447776,0.478723,0.0783366
0.423712,0.500486,0.079689
0.427053,0.469565,0.108213
0.439806,0.486408,0.0776699
0.433852,0.486381,0.0885214
0.416101,0.495635,0.0921435
0.428848,0.481123,0.0977735
0.433171,0.485854,0.0878049
0.436715,0.478261,0.0898551
0.438596,0.477583,0.0867446
0.431051,0.479267,0.0925747
0.415131,0.518914,0.071775
0.443798,0.468023,0.0881783
0.436047,0.476744,0.0881783
0.412451,0.498054,0.0914397
0.42029,0.483092,0.102415
0.429825,0.486355,0.0847953
0.430799,0.47271,0.0984405
0.444767,0.468023,0.0959302
0.426758,0.493164,0.0859375
0.435203,0.499033,0.0715667
0.435374,0.490768,0.079689
0.415039,0.494141,0.0957031
0.413859,0.510106,0.0885467
0.409135,0.517007,0.0816327
0.436837,0.472517,0.0954677
0.416016,0.50293,0.0830078
0.431448,0.474593,0.0977948
0.450732,0.46439,0.0858537
0.444767,0.463178,0.0920543
0.412391,0.515005,0.0755082
0.441546,0.468599,0.0956522
0.392996,0.52821,0.0826848
0.409487,0.524685,0.070668
0.419011,0.500485,0.085354
0.441205,0.483965,0.0826045
0.417476,0.491262,0.0951456
0.435922,0.480583,0.0883495
0.417315,0.490272,0.0963035
0.418762,0.492263,0.0947776
0.424855,0.504817,0.0751445
0.455782,0.455782,0.090379
0.430784,0.477251,0.0939013
0.438356,0.481409,0.0812133
0.442064,0.46446,0.097371
0.432459,0.482021,0.0942663
0.396535,0.522618,0.0895091
0.457726,0.45481,0.0913508
0.428433,0.501934,0.073501
0.422072,0.494676,0.090029
0.405273,0.518555,0.0820312
0.418447,0.48932,0.0941748
0.452148,0.474609,0.0771484
0.428432,0.49075,0.0847128
0.42386,0.487876,0.0921435
0.414658,0.504339,0.0829315
0.421663,0.498066,0.0889749
0.414493,0.495652,0.0937198
0.431335,0.470019,0.102515
0.436959,0.469682,0.0962464
0.432195,0.470244,0.103415
0.43065,0.479146,0.0931135
0.411992,0.503868,0.0880077
0.41537,0.497082,0.0914397
0.448242,0.47168,0.0849609
0.401734,0.500963,0.103083
0.464597,0.461688,0.0756547
0.427184,0.478641,0.101942
0.456922,0.454985,0.0929332
0.435847,0.490695,0.0773751
0.436647,0.484405,0.08577
0.40625,0.525391,0.0732422
0.431467,0.480695,0.0926641
0.422179,0.476654,0.106031
0.417071,0.491756,0.0979631
0.436647,0.482456,0.08577
0.44898,0.475219,0.079689
0.434402,0.504373,0.0670554
0.423977,0.495127,0.0847953
0.406829,0.500488,0.0956098
0.438953,0.466085,0.0998062
0.4355,0.475267,0.0940834
0.405979,0.512054,0.0867888
0.414062,0.504883,0.0859375
0.438169,0.476144,0.0915287
0.417969,0.479492,0.103516
0.414062,0.490234,0.0996094
0.424419,0.49031,0.0910853
0.435248,0.466407,0.104187
0.418695,0.483934,0.103213
0.423977,0.491228,0.0877193
0.426197,0.490714,0.0860215
0.446064,0.468416,0.0884354
0.436592,0.475315,0.0909971
0.420078,0.490253,0.0925926
0.425197,0.48622,0.0905512
0.446184,0.475538,0.0792564
0.420744,0.48728,0.092955
0.436047,0.481589,0.0862403
0.400778,0.499027,0.105058
0.424008,0.485963,0.0929332
0.418605,0.5,0.0862403
0.438716,0.470817,0.0914397
0.420388,0.491262,0.0932039
0.449515,0.457282,0.0951456
0.457726,0.443149,0.103013
0.454722,0.462512,0.0876339
0.42192,0.485936,0.0979631
0.399414,0.490234,0.114258
0.464147,0.448643,0.0920543
0.415295,0.512101,0.0764763
0.409266,0.523166,0.0723938
0.419512,0.502439,0.0839024
0.444767,0.465116,0.0901163
0.418129,0.494152,0.0906433
0.419479,0.510125,0.0790743
0.394056,0.532119,0.0776606
0.439539,0.487524,0.0786948
0.441659,0.473481,0.0896818
0.43677,0.477626,0.0885214
0.43666,0.461612,0.103647
0.429254,0.50478,0.0745698
0.4655,0.444121,0.0913508
0.438356,0.479452,0.0851272
0.447703,0.462366,0.0909091
0.43162,0.472357,0.101843
0.459591,0.459591,0.0866602
0.438049,0.481951,0.0829268
0.434656,0.463698,0.10455
0.447703,0.470186,0.083089
0.404669,0.509728,0.0904669
0.415445,0.488759,0.0977517
0.425944,0.474347,0.102614
0.439379,0.471387,0.0911736
0.446602,0.480583,0.0757282
0.411133,0.484375,0.104492
0.451707,0.452683,0.0985366
0.438665,0.489696,0.0755643
0.410281,0.517944,0.0746848
0.412621,0.497087,0.0951456
0.433852,0.470817,0.098249
0.428571,0.490768,0.0864917
0.40625,0.511719,0.0849609
0.429268,0.469268,0.10439
0.42439,0.481951,0.0956098
0.418288,0.501946,0.0826848
0.435078,0.485465,0.0833333
0.44058,0.477295,0.0888889
0.419789,0.490874,0.092219
0.451423,0.461237,0.0912659
0.435034,0.481232,0.0885467
0.425926,0.488304,0.0896686
0.444878,0.470244,0.0868293
0.449318,0.461014,0.0916179
0.409135,0.51895,0.0767736
0.424951,0.484405,0.0935673
0.42304,0.49758,0.0861568
0.4108,0.518804,0.0829315
0.411937,0.496086,0.0968689
0.430368,0.485493,0.0889749
0.429268,0.485854,0.0868293
0.422027,0.483431,0.0974659
0.461165,0.45534,0.0893204
0.460348,0.45648,0.0909091
0.43677,0.483463,0.0856031
0.441061,0.479371,0.0815324
0.407444,0.508325,0.0940255
0.451456,0.484466,0.0679612
0.437678,0.486204,0.0846813
0.437196,0.473223,0.0934761
0.415205,0.492203,0.0955166
0.449119,0.478474,0.0763209
0.431992,0.496169,0.0814176
0.418288,0.491245,0.0953307
0.447907,0.472249,0.0876339
0.41165,0.509709,0.0864078
0.455523,0.478006,0.0703812
0.4148,0.502434,0.0876339
0.442401,0.470474,0.0968054
0.433526,0.492293,0.0818882
0.451707,0.463415,0.0878049
0.438596,0.484405,0.0808967
0.441634,0.479572,0.0826848
0.443587,0.480231,0.0819672
0.400585,0.499025,0.103314
0.423598,0.478723,0.0996132
0.421256,0.497585,0.0869565
0.417709,0.485082,0.104909
0.439614,0.47343,0.0917874
0.421456,0.487548,0.0957854
0.445419,0.476608,0.0838207
0.408958,0.502434,0.0963973
0.43301,0.484466,0.0893204
0.423337,0.48216,0.099325
0.457395,0.484819,0.0666014
0.446169,0.483996,0.0737148
0.434402,0.460641,0.107872
0.411251,0.504365,0.085354
0.448141,0.473581,0.0831703
0.457416,0.466986,0.0842105
0.379512,0.537561,0.0858537
0.416992,0.49707,0.0888672
0.447036,0.47619,0.0787172
0.416342,0.501946,0.0856031
0.436399,0.459883,0.107632
0.457088,0.463838,0.0848602
0.444874,0.464217,0.0947776
0.43356,0.475267,0.0940834
0.422852,0.494141,0.0849609
0.430918,0.480193,0.0937198
0.416505,0.48835,0.101942
0.443793,0.466276,0.0918866
0.42955,0.481409,0.0919765
0.435749,0.470531,0.0966184
0.442512,0.489855,0.0743961
0.444765,0.48415,0.0768492
0.450292,0.464912,0.08577
0.459883,0.458904,0.0880626
0.422287,0.502444,0.083089
0.43259,0.487876,0.0824442
0.419669,0.49075,0.090555
0.407227,0.5,0.0966797
0.421002,0.500963,0.0857418
0.41537,0.492218,0.094358
0.452055,0.450098,0.0998043
0.392614,0.51312,0.0991254
0.433688,0.477251,0.0929332
0.427613,0.498562,0.0795781
0.416992,0.488281,0.0976562
0.43285,0.482126,0.0927536
0.403475,0.489382,0.11583
0.448209,0.474347,0.0793804
0.424242,0.487781,0.0918866
0.479651,0.450581,0.0746124
0.424008,0.480155,0.101646
0.43065,0.494665,0.0814743
0.428988,0.478599,0.10214
0.418129,0.5,0.0847953
0.458654,0.440385,0.103846
0.426628,0.472303,0.105928
0.440077,0.487057,0.0776606
0.427734,0.50293,0.0791016
0.417476,0.509709,0.0805825
0.42885,0.478558,0.0935673
0.441771,0.474495,0.0866218
0.41165,0.495146,0.0961165
0.40622,0.499514,0.0971817
0.423598,0.488395,0.0938104
0.440233,0.482021,0.0806608
0.404669,0.497082,0.107004
0.433269,0.465184,0.109284
0.425097,0.479572,0.100195
0.432195,0.490732,0.0790244
0.444985,0.466407,0.090555
0.445312,0.480469,0.078125
0.433301,0.462512,0.107108
0.448643,0.455426,0.100775
0.428158,0.495661,0.0790743
0.449951,0.447036,0.104956
0.442607,0.485409,0.0768482
0.432749,0.478558,0.0916179
0.420543,0.481589,0.0978682
0.420388,0.497087,0.0864078
0.414729,0.503876,0.0852713
0.433431,0.477162,0.0932945
0.428152,0.470186,0.105572
0.461909,0.459016,0.0848602
0.413527,0.505314,0.0850242
0.428571,0.494129,0.0831703
0.428571,0.478764,0.0994208
0.43829,0.487852,0.0758017
0.450732,0.472195,0.08
0.451923,0.476923,0.0798077
0.412683,0.496585,0.0946341
0.44086,0.474096,0.085044
0.44186,0.486434,0.0765504
0.444767,0.48062,0.0775194
0.43677,0.484436,0.0817121
0.443478,0.484058,0.0753623
0.422287,0.479961,0.101662
0.438766,0.474446,0.0896818
0.429543,0.477162,0.0942663
0.40622,0.501458,0.0962099
0.439072,0.481625,0.0831721
0.42913,0.482893,0.0909091
0.431752,0.485963,0.0842207
0.40878,0.48878,0.105366
0.424094,0.491675,0.0881489
0.40098,0.502941,0.10098
0.409357,0.494152,0.0974659
0.423002,0.487329,0.0935673
0.42386,0.478177,0.100873
0.42885,0.490253,0.0808967
0.415774,0.486855,0.103213
0.447343,0.474396,0.0898551
0.43356,0.478177,0.0911736
0.440499,0.474088,0.0902111
0.39786,0.51751,0.0856031
0.438462,0.466346,0.0990385
0.412221,0.510184,0.0834142
0.433925,0.496055,0.0729783
0.45428,0.470817,0.077821
0.442718,0.467961,0.0902913
0.417238,0.490695,0.0940255
0.429825,0.476608,0.0955166
0.442607,0.459144,0.0992218
0.411251,0.514064,0.0824442
0.422072,0.493708,0.089061
0.44347,0.481481,0.0779727
0.444123,0.492293,0.0655106
0.449416,0.463035,0.0894942
0.425243,0.490291,0.0864078
0.44294,0.453578,0.10735
0.407729,0.509179,0.0898551
0.410331,0.499025,0.0955166
0.411251,0.485936,0.113482
0.432015,0.472517,0.0983607
0.416667,0.488372,0.0968992
0.450539,0.474045,0.0783546
0.431051,0.48891,0.0848602
0.423745,0.494208,0.0849421
0.420696,0.494197,0.0889749
0.413127,0.506757,0.0907336
0.416342,0.496109,0.0924125
0.414161,0.500485,0.0911736
0.442718,0.472816,0.0854369
0.426053,0.495593,0.0812929
0.42483,0.486906,0.0902037
0.443902,0.462439,0.0946341
0.423188,0.49372,0.0908213
0.442478,0.473943,0.0835792
0.439497,0.484995,0.0774443
0.403509,0.510721,0.0867446
0.464008,0.447471,0.0914397
0.438049,0.475122,0.0887805
0.400193,0.505304,0.0983607
0.455523,0.442815,0.102639
0.409615,0.492308,0.105769
0.43829,0.480078,0.0835763
0.419765,0.476517,0.104697
0.408301,0.504826,0.0936293
0.433888,0.491675,0.079334
0.420444,0.504339,0.0800386
0.410183,0.49952,0.0951009
0.424242,0.480938,0.0977517
0.415534,0.495146,0.0941748
0.431068,0.481553,0.0932039
0.424184,0.501919,0.0815739
0.422027,0.483431,0.0964912
0.445312,0.458984,0.0976562
0.448242,0.458984,0.0966797
0.436293,0.485521,0.0810811
0.442829,0.48062,0.0804264
0.432432,0.492278,0.0830116
0.410628,0.503382,0.0917874
0.432485,0.473581,0.0958904
0.395349,0.515504,0.0930233
0.436399,0.478474,0.0880626
0.445087,0.492293,0.0722543
0.431353,0.47517,0.0944499
0.454634,0.450732,0.0946341
0.447139,0.468477,0.0911736
0.414518,0.48042,0.107927
0.436346,0.484937,0.0806608
0.4476,0.462292,0.093046
0.435453,0.483622,0.0876686
0.424213,0.480315,0.0994094
0.415295,0.494676,0.0939013
0.460271,0.454457,0.0881783
0.441659,0.470588,0.0935391
0.438953,0.483527,0.0833333
0.420176,0.50049,0.0803134
0.440349,0.471387,0.0911736
0.428293,0.473171,0.100488
0.449275,0.457005,0.0975845
0.424976,0.491772,0.0861568
0.404462,0.497575,0.099903
0.421206,0.485409,0.098249
0.417722,0.502434,0.0827653
0.435453,0.489403,0.0789981
0.426889,0.479882,0.0971541
0.432063,0.478006,0.0938416
0.449854,0.463486,0.0876339
0.428988,0.491245,0.0836576
0.429134,0.48622,0.0856299
0.434741,0.485605,0.0815739
0.449756,0.451707,0.102439
0.447674,0.468023,0.0891473
0.455523,0.462366,0.0860215
0.443907,0.487427,0.0744681
0.43259,0.497575,0.070805
0.427459,0.496592,0.0817916
0.421616,0.483934,0.103213
0.435547,0.496094,0.0703125
0.42065,0.49522,0.0908222
0.440694,0.461909,0.103182
0.393762,0.515595,0.0925926
0.435922,0.475728,0.0902913
0.438835,0.474757,0.0912621
0.417795,0.495164,0.089942
0.444121,0.473275,0.0826045
0.416667,0.503876,0.0813953
0.46487,0.458133,0.080847
0.418447,0.501942,0.0864078
0.412683,0.498537,0.0965854
0.404715,0.5,0.0952849
0.416585,0.50439,0.08
0.432171,0.468992,0.102713
0.417154,0.490253,0.0945419
0.425366,0.485854,0.0926829
0.450828,0.467381,0.083739
0.453668,0.469112,0.0849421
0.460718,0.451018,0.0921435
0.44227,0.489237,0.0733855
0.426485,0.485881,0.090555
0.458768,0.463507,0.0843602
0.429126,0.51068,0.0621359
0.418217,0.497551,0.0871694
0.43122,0.482927,0.0868293
0.453033,0.462818,0.0870841
0.442815,0.480938,0.0791789
0.412621,0.507767,0.0854369
0.421256,0.49372,0.0859903
0.447241,0.468538,0.0871249
0.436578,0.46411,0.101278
0.4276,0.490768,0.0845481
0.445829,0.449664,0.106424
0.432195,0.493659,0.075122
0.432171,0.498062,0.0736434
0.458456,0.467253,0.083089
0.442829,0.478682,0.0852713
0.417551,0.502411,0.0906461
0.403492,0.507274,0.0931135
0.447674,0.476744,0.0823643
0.429122,0.496625,0.0848602
0.424301,0.485053,0.0954677
0.444658,0.480269,0.0818094
0.420643,0.504382,0.0778968
0.451644,0.472921,0.0831721
0.414658,0.501446,0.0906461
0.447471,0.464008,0.0914397
0.457364,0.474806,0.0746124
0.431752,0.476283,0.0968054
0.419574,0.475775,0.10562
0.423828,0.489258,0.0898438
0.438735,0.464427,0.0998024
0.438716,0.472763,0.0904669
0.431068,0.481553,0.0893204
0.445631,0.479612,0.0776699
0.443149,0.482021,0.079689
0.401361,0.504373,0.0991254
0.426654,0.504314,0.075743
0.436399,0.47456,0.0900196
0.440777,0.470874,0.0902913
0.423301,0.485437,0.092233
0.421512,0.487403,0.0959302
0.443478,0.484058,0.0782609
0.412162,0.484556,0.106178
0.430636,0.484586,0.088632
0.44294,0.471954,0.0909091
0.420898,0.478516,0.105469
0.430087,0.478303,0.0983607
0.46273,0.458858,0.0832527
0.444121,0.474247,0.0855199
0.428571,0.48166,0.0945946
0.436346,0.489796,0.0777454
0.45155,0.469961,0.0823643
0.4355,0.488846,0.0814743
0.419011,0.501455,0.0843841
0.443137,0.457843,0.0990196
0.415774,0.48296,0.10224
0.43617,0.474855,0.089942
0.422287,0.483871,0.0967742
0.424272,0.469903,0.108738
0.430244,0.48,0.0917073
0.432195,0.494634,0.0790244
0.408023,0.501957,0.0939335
0.461762,0.461762,0.0813166
0.41256,0.509179,0.0821256
0.404235,0.500481,0.0981713
0.446064,0.47036,0.0864917
0.43314,0.471899,0.0978682
0.412451,0.506809,0.0894942
0.420901,0.496644,0.0872483
0.422741,0.475219,0.107872
0.453307,0.472763,0.0768482
0.441433,0.476283,0.0851888
0.440661,0.478599,0.0846304
0.421104,0.489835,0.0929332
0.426601,0.493596,0.0807882
0.429122,0.474446,0.096432
0.429406,0.485881,0.0886076
0.431051,0.487946,0.0858245
0.435122,0.483902,0.0829268
0.429406,0.479065,0.0925024
0.437561,0.477251,0.090029
0.438905,0.477028,0.0860215
0.43738,0.484586,0.083815
0.441233,0.460501,0.103083
0.410029,0.505408,0.0875123
0.441659,0.478303,0.0858245
0.410628,0.502415,0.0898551
0.439335,0.478474,0.0861057
0.429264,0.486434,0.0891473
0.441006,0.479691,0.082205
0.47036,0.452867,0.0835763
0.430815,0.474975,0.0951914
0.42345,0.49031,0.0910853
0.433723,0.474659,0.0935673
0.445411,0.48599,0.0772947
0.441724,0.467189,0.0940255
0.43457,0.482422,0.0859375
0.424038,0.507692,0.0807692
0.433594,0.473633,0.0996094
0.40622,0.505345,0.0932945
0.413994,0.496599,0.0952381
0.415521,0.48723,0.100196
0.432171,0.48062,0.0920543
0.412331,0.508671,0.0818882
0.44358,0.481518,0.0797665
0.424361,0.482318,0.0992141
0.450195,0.470703,0.0839844
0.428155,0.483495,0.0893204
0.427875,0.484405,0.0906433
0.433464,0.475538,0.0949119
0.42233,0.472816,0.107767
0.406615,0.512646,0.0826848
0.42955,0.482387,0.090998
0.438647,0.489855,0.0753623
0.435034,0.489894,0.0846968
0.458414,0.453578,0.0928433
0.432302,0.484526,0.0880077
0.430244,0.492683,0.0829268
0.41561,0.507317,0.0790244
0.420233,0.498054,0.0846304
0.41537,0.494163,0.0933852
0.41349,0.485826,0.102639
0.433398,0.486486,0.0868726
0.42968,0.474297,0.0969932
0.407588,0.5107,0.0856031
0.437137,0.495164,0.0744681
0.429543,0.488824,0.0874636
0.421104,0.483059,0.0968054
0.43314,0.481589,0.0881783
0.41587,0.505736,0.085086
0.42192,0.494665,0.0892338
0.456395,0.460271,0.0881783
0.429971,0.485798,0.0891283
0.431487,0.487852,0.0845481
0.436275,0.482353,0.0813725
0.405063,0.505355,0.0934761
0.419011,0.506305,0.0766246
0.407805,0.494634,0.100488
0.462874,0.460945,0.0810029
0.420096,0.509091,0.0784689
0.451208,0.474396,0.0792271
0.430528,0.477495,0.0958904
0.465184,0.451644,0.0860735
0.451362,0.455253,0.0972763
0.434402,0.473275,0.0962099
0.437681,0.491787,0.0801932
0.4294,0.498066,0.0773694
0.399221,0.501461,0.105161
0.401354,0.496132,0.105416
0.424684,0.496599,0.0826045
0.41092,0.51341,0.0833333
0.464046,0.441994,0.0997124
0.431202,0.491279,0.0823643
0.422179,0.498054,0.0826848
0.417154,0.492203,0.0964912
0.416505,0.497087,0.0893204
0.435922,0.479612,0.0873786
0.42522,0.487781,0.0899316
0.419512,0.491707,0.0956098
0.426641,0.495174,0.0830116
0.404669,0.496109,0.103113
0.43677,0.497082,0.07393
0.42345,0.499031,0.0833333
0.448409,0.466731,0.0896818
0.425819,0.49711,0.0809249
0.440546,0.463938,0.0974659
0.45259,0.475073,0.0791789
0.439539,0.487524,0.0834933
0.449136,0.472169,0.0825336
0.431353,0.480039,0.0934761
0.441659,0.471553,0.0925747
0.460039,0.469786,0.0721248
0.401361,0.504373,0.0991254
0.421512,0.482558,0.100775
0.419825,0.493683,0.090379
0.429825,0.481481,0.0925926
0.454633,0.46332,0.0878378
0.447977,0.458574,0.100193
0.421408,0.497589,0.0877531
0.430664,0.469727,0.104492
0.404462,0.501455,0.0950533
0.414751,0.48659,0.103448
0.420233,0.492218,0.0914397
0.445305,0.476283,0.0832527
0.422929,0.486513,0.0973025
0.418537,0.489756,0.0926829
0.442607,0.469844,0.0904669
0.437137,0.488395,0.0764023
0.440117,0.484907,0.0798442
0.431316,0.487032,0.0912584
0.448508,0.46487,0.0904716
0.432039,0.482524,0.092233
0.43065,0.493695,0.0785645
0.430515,0.503401,0.0758017
0.402534,0.486355,0.114035
0.421663,0.48646,0.0967118
0.445748,0.469208,0.086999
0.471498,0.454106,0.0763285
0.437561,0.496612,0.071636
0.415222,0.5,0.088632
0.403101,0.513566,0.0901163
0.44058,0.480193,0.0801932
0.415279,0.476004,0.110676
0.424855,0.500963,0.0818882
0.41537,0.498054,0.0914397
0.44294,0.455513,0.102515
0.439118,0.469799,0.0949185
0.423265,0.487781,0.0909091
0.422481,0.494186,0.0862403
0.392213,0.517569,0.0997151
0.414161,0.505335,0.0882638
0.425926,0.477583,0.0994152
0.428709,0.488439,0.0876686
0.435721,0.476938,0.0893032
0.429952,0.476329,0.0985507
0.418537,0.497561,0.0887805
0.439261,0.473275,0.0894072
0.425926,0.474659,0.10039
0.438529,0.479187,0.0909971
0.436416,0.476879,0.0944123
0.432302,0.474855,0.0947776
0.420588,0.498039,0.0852941
0.41001,0.500481,0.0952839
0.427459,0.477118,0.0993184
0.445525,0.464981,0.0924125
0.414986,0.497598,0.0902978
0.426641,0.501931,0.0810811
0.423002,0.499025,0.0896686
0.435328,0.471042,0.0984556
0.427466,0.499033,0.0802708
0.418919,0.48166,0.107143
0.435873,0.479267,0.0916104
0.394558,0.501458,0.107872
0.42192,0.488846,0.0902037
0.435547,0.473633,0.09375
0.433654,0.491346,0.0778846
0.457335,0.450623,0.096836
0.413231,0.505273,0.0882071
0.420488,0.493659,0.0887805
0.44152,0.474659,0.0838207
0.435453,0.477842,0.0924855
0.442177,0.472303,0.0884354
0.443478,0.469565,0.0908213
0.420078,0.495127,0.08577
0.444123,0.460501,0.100193
0.429406,0.480039,0.0934761
0.447318,0.468391,0.0909962
0.421616,0.478092,0.106134
0.43162,0.476237,0.0950533
0.427459,0.489776,0.090555
0.426471,0.496078,0.0843137
0.453049,0.461762,0.090029
0.422701,0.48728,0.092955
0.411535,0.491691,0.0987292
0.436346,0.453839,0.109815
0.421815,0.503861,0.0781853
0.472921,0.453578,0.0773694
0.438477,0.466797,0.0966797
0.454106,0.446377,0.102415
0.42607,0.495136,0.0836576
0.42259,0.499513,0.0847128
0.430664,0.46582,0.104492
0.433171,0.492683,0.0829268
0.449471,0.460058,0.0972089
0.468231,0.4565,0.0791789
0.444121,0.48105,0.0777454
0.422852,0.490234,0.0927734
0.452683,0.477073,0.0731707
0.414493,0.511111,0.0782609
0.417071,0.490786,0.0989331
0.450048,0.462658,0.0882638
0.413022,0.492711,0.0962099
0.444878,0.463415,0.0956098
0.426485,0.491723,0.0856865
0.425388,0.482558,0.0959302
0.424213,0.481299,0.0954724
0.423484,0.496631,0.0875842
0.446809,0.483559,0.0725338
0.42955,0.490215,0.0812133
0.400194,0.499031,0.10562
0.447907,0.466407,0.0886076
0.44,0.487805,0.0741463
0.446273,0.477251,0.0822846
0.401168,0.514119,0.0886076
0.419103,0.503899,0.0779727
0.43457,0.482422,0.0859375
0.460718,0.441319,0.100873
0.412221,0.493695,0.0989331
0.435122,0.482927,0.0839024
0.451208,0.471498,0.0801932
0.427734,0.484375,0.0917969
0.437622,0.495127,0.079922
0.437381,0.459203,0.109108
0.411479,0.494163,0.0972763
0.434656,0.479187,0.0909971
0.401942,0.517476,0.0864078
0.427466,0.491296,0.0831721
0.419981,0.480116,0.105723
0.441659,0.476374,0.0877531
0.4276,0.498542,0.0767736
0.425366,0.491707,0.0878049
0.418041,0.487876,0.0969932
0.451362,0.464981,0.0875486
0.420797,0.48688,0.0952381
0.431752,0.468538,0.102614
0.456814,0.459693,0.084453
0.415774,0.485881,0.10224
0.434146,0.48,0.0897561
0.43453,0.488846,0.0805044
0.437864,0.486408,0.0776699
0.431487,0.484937,0.090379
0.394477,0.509862,0.0996055
0.416748,0.493671,0.0934761
0.427326,0.493217,0.0823643
0.424684,0.477162,0.101069
0.418515,0.487946,0.0983607
0.45259,0.44868,0.0997067
0.438835,0.475728,0.092233
0.409932,0.496592,0.0963973
0.455969,0.466732,0.0802348
0.443898,0.480315,0.0767717
0.440976,0.475122,0.084878
0.416094,0.481845,0.105005
0.411538,0.510577,0.0855769
0.433781,0.465451,0.102687
0.437622,0.469786,0.0984405
0.42386,0.483996,0.0969932
0.427875,0.484405,0.0916179
0.409357,0.509747,0.088694
0.428433,0.482592,0.0947776
0.43285,0.485024,0.0898551
0.454898,0.437439,0.109602
0.442177,0.475219,0.0874636
0.436275,0.472549,0.0931373
0.417881,0.489796,0.0952381
0.438114,0.471513,0.0923379
0.45314,0.472464,0.084058
0.420849,0.493243,0.0897683
0.448804,0.478469,0.0784689
0.40918,0.494141,0.101562
0.398844,0.504817,0.102119
0.435595,0.477876,0.0884956
0.430368,0.489362,0.0880077
0.440233,0.469388,0.0942663
0.424565,0.490329,0.089942
0.462585,0.457726,0.0806608
0.454721,0.45183,0.0944123
0.425781,0.482422,0.0966797
0.430392,0.473529,0.0970588
0.427734,0.481445,0.0966797
0.416425,0.495652,0.0908213
0.413859,0.514918,0.0827719
0.423923,0.492823,0.0870813
0.448008,0.47619,0.0787172
0.425944,0.484995,0.0948693
0.416179,0.508772,0.0808967
0.4535,0.459252,0.0901246
0.408696,0.49372,0.100483
0.413191,0.481086,0.111542
0.435922,0.471845,0.0951456
0.460501,0.463391,0.0818882
0.396336,0.515911,0.0925747
0.436293,0.471042,0.0936293
0.418199,0.491772,0.0939013
0.421663,0.495164,0.0889749
0.448008,0.461613,0.0932945
0.432617,0.460938,0.110352
0.429406,0.487829,0.083739
0.420696,0.487427,0.0928433
0.442401,0.488867,0.071636
0.430934,0.494163,0.0797665
0.42925,0.48528,0.0883191
0.404255,0.505803,0.0938104
0.412391,0.50726,0.0842207
0.417476,0.480583,0.107767
0.41537,0.492218,0.0972763
0.423745,0.492278,0.0907336
0.458333,0.453488,0.0891473
0.422439,0.48878,0.0926829
0.441233,0.481696,0.083815
0.405063,0.491723,0.108082
0.424951,0.490253,0.0877193
0.401559,0.505848,0.0994152
0.41349,0.499511,0.0899316
0.442495,0.468811,0.0935673
0.435922,0.482524,0.0883495
0.434324,0.488974,0.0805369
0.430784,0.485963,0.0880929
0.421829,0.509341,0.0717797
0.411251,0.499515,0.0921435
0.427885,0.492308,0.0836538
0.441006,0.491296,0.073501
0.425532,0.49323,0.0841393
0.442718,0.471845,0.0883495
0.469799,0.46884,0.0623202
0.431068,0.48835,0.084466
0.419825,0.489796,0.0932945
0.399034,0.528502,0.07343
0.409225,0.512267,0.0843965
0.405248,0.499514,0.101069
0.44112,0.484556,0.0801158
0.414563,0.500971,0.0902913
0.460099,0.449261,0.0916256
0.457088,0.450338,0.0973963
0.441006,0.469052,0.0957447
0.42607,0.465953,0.110895
0.449756,0.462439,0.0907317
0.408085,0.495669,0.0972089
0.411251,0.492726,0.0989331
0.437622,0.467836,0.0955166
0.425908,0.481845,0.0932287
0.458414,0.45648,0.0880077
0.435453,0.474952,0.0905588
0.417636,0.499031,0.0872093
0.402522,0.499515,0.0979631
0.434783,0.475362,0.0937198
0.411877,0.507663,0.0871648
0.447546,0.465833,0.0885467
0.423337,0.513018,0.0684667
0.430664,0.478516,0.0947266
0.429264,0.475775,0.101744
0.437561,0.494592,0.0737463
0.419202,0.500951,0.0846008
0.459223,0.475728,0.0699029
0.430244,0.483902,0.0868293
0.44858,0.472086,0.0812929
0.43762,0.486564,0.084453
0.424155,0.489855,0.0908213
0.43474,0.481845,0.0873405
0.423002,0.513645,0.0653021
0.44186,0.487403,0.0755814
0.448343,0.466862,0.088694
0.436592,0.469506,0.0968054
0.407767,0.487379,0.106796
0.43272,0.488867,0.0813166
0.419197,0.502449,0.0812929
0.44888,0.462512,0.090555
0.420136,0.490803,0.0958374
0.430664,0.489258,0.0859375
0.436399,0.468689,0.0988258
0.449515,0.478641,0.076699
0.455436,0.456415,0.093046
0.403116,0.518014,0.0827653
0.448242,0.482422,0.0791016
0.385965,0.519493,0.0994152
0.430368,0.482592,0.0947776
0.439024,0.482927,0.0790244
0.393523,0.50736,0.102061
0.405222,0.495164,0.103482
0.424419,0.497093,0.0794574
0.440117,0.46446,0.097371
0.447937,0.468566,0.086444
0.428296,0.481232,0.0962464
0.445748,0.474096,0.083089
0.426641,0.480695,0.0945946
0.470135,0.44605,0.088632
0.436827,0.470127,0.0950049
0.421206,0.491245,0.0894942
0.439806,0.479612,0.0864078
0.420233,0.507782,0.07393
0.416425,0.505314,0.084058
0.430799,0.492203,0.079922
0.417148,0.483622,0.104046
0.436222,0.470302,0.0954236
0.422549,0.488235,0.0941176
0.439072,0.49323,0.0705996
0.40098,0.519608,0.0843137
0.430902,0.487524,0.0921305
0.434951,0.468932,0.0980583
0.445298,0.452975,0.104607
0.413659,0.490732,0.101463
0.42968,0.478177,0.0979631
0.423337,0.486017,0.0945034
0.43474,0.490677,0.0765456
0.448409,0.457088,0.096432
0.454371,0.455331,0.0931796
0.401168,0.498539,0.104187
0.399029,0.514563,0.0902913
0.401141,0.513308,0.0893536
0.44878,0.468293,0.0887805
0.414729,0.506783,0.0833333
0.416585,0.498537,0.0897561
0.420898,0.501953,0.0830078
0.408163,0.516035,0.0816327
0.419197,0.508325,0.0763957
0.400197,0.517207,0.0835792
0.431884,0.491787,0.0811594
0.422287,0.490714,0.0909091
0.415222,0.484586,0.105973
0.440499,0.459693,0.103647
0.451644,0.474855,0.0802708
0.432195,0.492683,0.0819512
0.401157,0.504339,0.0983607
0.442623,0.467695,0.0916104
0.428433,0.484526,0.0928433
0.439571,0.489279,0.0760234
0.42968,0.488846,0.086324
0.453749,0.468354,0.083739
0.43162,0.484966,0.085354
0.435673,0.481481,0.0847953
0.462209,0.452519,0.0901163
0.444123,0.489403,0.0751445
0.434951,0.492233,0.0805825
0.425511,0.483934,0.0925024
0.430502,0.482625,0.0888031
0.432909,0.481881,0.0881489
0.43272,0.493708,0.0813166
0.430622,0.492823,0.0784689
0.442197,0.464355,0.0992293
0.445411,0.459903,0.0995169
0.435673,0.468811,0.0994152
0.414493,0.497585,0.0937198
0.421359,0.492233,0.0873786
0.428435,0.490458,0.0849237
0.429952,0.482126,0.0917874
0.410959,0.498043,0.0949119
0.449471,0.46102,0.0952839
0.427746,0.489403,0.0895954
0.443798,0.479651,0.0843023
0.422481,0.486434,0.0930233
0.438395,0.483286,0.0897803
0.404276,0.511176,0.0894072
0.427459,0.480039,0.0925024
0.438395,0.48042,0.086915
0.433781,0.495202,0.074856
0.455426,0.460271,0.0862403
0.431353,0.467381,0.103213
0.401559,0.515595,0.0867446
0.423228,0.498031,0.0797244
0.444121,0.468416,0.0952381
0.418945,0.476562,0.109375
0.402153,0.508806,0.092955
0.437806,0.453477,0.110676
0.419669,0.476144,0.105161
0.419765,0.508806,0.072407
0.413793,0.503831,0.0900383
0.412729,0.51109,0.0829315
0.437073,0.458537,0.10439
0.432195,0.477073,0.0965854
0.436827,0.48286,0.0832517
0.44,0.462439,0.0995122
0.461165,0.468932,0.0737864
0.41561,0.491707,0.0956098
0.451113,0.47241,0.0822846
0.428852,0.470069,0.104024
0.441319,0.465567,0.0960233
0.445946,0.450772,0.104247
0.429688,0.499023,0.0742188
0.448743,0.470019,0.0831721
0.427889,0.495702,0.0811843
0.426087,0.483092,0.0956522
0.461914,0.450195,0.0898438
0.429273,0.488212,0.0844794
0.444123,0.486513,0.0761079
0.423745,0.492278,0.0888031
0.407011,0.502434,0.0944499
0.443495,0.467236,0.0930674
0.436837,0.480231,0.0887175
0.420951,0.481086,0.099903
0.444767,0.468023,0.0939922
0.422852,0.494141,0.0888672
0.410232,0.519305,0.0791506
0.444444,0.475634,0.082846
0.397287,0.526163,0.0804264
0.440891,0.464147,0.100775
0.403883,0.51068,0.0893204
0.421815,0.483591,0.0974903
0.439453,0.487305,0.0771484
0.436469,0.469447,0.0950533
0.425097,0.479572,0.0963035
0.451456,0.465049,0.0912621
0.422562,0.487572,0.0994264
0.413894,0.495108,0.0968689
0.417636,0.481589,0.102713
0.449275,0.474396,0.0821256
0.453839,0.474247,0.0787172
0.413659,0.48878,0.0995122
0.425781,0.484375,0.0927734
0.410853,0.510659,0.0862403
0.386719,0.529297,0.0888672
0.413827,0.493671,0.0944499
0.426341,0.485854,0.0917073
0.408602,0.512219,0.0821114
0.4294,0.497099,0.0783366
0.461315,0.439072,0.102515
0.436592,0.478219,0.0880929
0.397683,0.514479,0.0916988
0.421105,0.481262,0.0986193
0.44477,0.459433,0.103617
0.408203,0.503906,0.0927734
0.438356,0.45499,0.110568
0.440744,0.467189,0.0969638
0.437801,0.47541,0.0925747
0.432146,0.470645,0.0991338
0.455954,0.464666,0.0803485
0.418762,0.497099,0.0938104
0.432879,0.468872,0.10214
0.433852,0.480545,0.0894942
0.438462,0.460577,0.104808
0.425552,0.469741,0.108549
0.450923,0.460641,0.0913508
0.449951,0.468416,0.0826045
0.440349,0.467507,0.0950533
0.431068,0.493204,0.0776699
0.407011,0.500487,0.0934761
0.441973,0.475822,0.0851064
0.441433,0.477251,0.0832527
0.424537,0.498539,0.0788705
0.422852,0.505859,0.0742188
0.431068,0.48835,0.0864078
0.441433,0.484995,0.0784124
0.407588,0.498054,0.100195
0.466926,0.462062,0.07393
0.434951,0.45534,0.11068
0.43065,0.478177,0.0969932
0.422027,0.48538,0.0974659
0.433398,0.480695,0.0897683
0.42386,0.483026,0.0989331
0.465433,0.459591,0.0808179
0.409441,0.485549,0.105973
0.435798,0.486381,0.0787938
0.425366,0.496585,0.08
0.431487,0.478134,0.0942663
0.434698,0.483431,0.0867446
0.429688,0.485352,0.0888672
0.435798,0.48249,0.0865759
0.424272,0.495146,0.0893204
0.411822,0.491279,0.0998062
0.43457,0.493164,0.0761719
0.411306,0.492203,0.10039
0.425121,0.50628,0.07343
0.423415,0.487805,0.0897561
0.434442,0.479452,0.0919765
0.433398,0.484556,0.0859073
0.402534,0.501949,0.0994152
0.433301,0.493671,0.0759494
0.418025,0.490892,0.096836
0.475267,0.450048,0.0766246
0.421104,0.490803,0.0909971
0.440744,0.479922,0.0822723
0.423564,0.49075,0.0886076
0.410183,0.50048,0.0912584
0.444012,0.469328,0.090555
0.405825,0.5,0.0970874
0.421256,0.502415,0.0782609
0.412959,0.505803,0.0841393
0.420696,0.489362,0.0918762
0.420643,0.494645,0.090555
0.444658,0.462945,0.0943215
0.400588,0.507346,0.0950049
0.416023,0.499035,0.0868726
0.440154,0.477799,0.0849421
0.419765,0.497065,0.0861057
0.453216,0.461988,0.0877193
0.434656,0.481123,0.0861568
0.393732,0.521058,0.0901077
0.421305,0.491363,0.0950096
0.437743,0.487354,0.0787938
0.433301,0.477118,0.0925024
0.421104,0.49758,0.0842207
0.430934,0.497082,0.0807393
0.462062,0.440661,0.0972763
0.413994,0.492711,0.0991254
0.417476,0.5,0.0864078
0.417795,0.481625,0.103482
0.432749,0.482456,0.0906433
0.413926,0.500967,0.0889749
0.432195,0.486829,0.0878049
0.407157,0.496132,0.101547
0.425944,0.484027,0.0939013
0.437439,0.472357,0.0960233
0.428019,0.479227,0.0985507
0.438766,0.48891,0.0761813
0.41561,0.50439,0.0829268
0.424447,0.488932,0.0895091
0.4355,0.483026,0.086324
0.417076,0.498528,0.0853778
0.440191,0.4689,0.0966507
0.410506,0.518482,0.07393
0.397274,0.507303,0.0993184
0.42522,0.491691,0.086999
0.433816,0.476329,0.0908213
0.448209,0.466602,0.089061
0.428571,0.48688,0.0864917
0.446933,0.465433,0.0895813
0.45245,0.460134,0.0883766
0.428708,0.465072,0.109091
0.407907,0.516876,0.0790743
0.435248,0.473223,0.097371
0.439922,0.481589,0.0823643
0.412853,0.508277,0.0827653
0.424301,0.504339,0.0771456
0.438224,0.464286,0.0994208
0.425656,0.482021,0.0932945
0.42304,0.486931,0.0929332
0.419789,0.48415,0.0989433
0.428016,0.496109,0.0787938
0.414467,0.496579,0.0899316
0.435749,0.476329,0.0917874
0.419479,0.504339,0.0838959
0.43457,0.489258,0.0830078
0.414423,0.493269,0.0942308
0.406402,0.490786,0.106693
0.425926,0.495127,0.0838207
0.457971,0.457005,0.0888889
0.421512,0.492248,0.0910853
0.456208,0.461983,0.0885467
0.414467,0.495601,0.0909091
0.418377,0.496579,0.0909091
0.406977,0.504845,0.0930233
0.43162,0.481086,0.0882638
0.437984,0.467054,0.0959302
0.437864,0.480583,0.0864078
0.457971,0.46087,0.0869565
0.403475,0.507722,0.0955598
0.430784,0.49274,0.0793804
0.427875,0.480507,0.0945419
0.414327,0.506292,0.0813166
0.436469,0.500485,0.0688652
0.40958,0.510264,0.0821114
0.451613,0.462366,0.0909091
0.453928,0.454898,0.0989331
0.426628,0.505345,0.0728863
0.437073,0.480976,0.084878
0.433852,0.480545,0.0924125
0.411133,0.508789,0.0820312
0.427875,0.487329,0.08577
0.43259,0.483996,0.0902037
0.393822,0.53861,0.0733591
0.426401,0.505223,0.0797721
0.419905,0.51564,0.0748815
0.446169,0.457808,0.099903
0.44466,0.465049,0.0912621
0.423301,0.480583,0.102913
0.416586,0.494696,0.0887175
0.436242,0.479386,0.0872483
0.420951,0.495635,0.0892338
0.424658,0.494129,0.0831703
0.447907,0.462512,0.090555
0.418853,0.487852,0.0942663
0.429816,0.487899,0.0832527
0.436222,0.469328,0.101266
0.435798,0.48249,0.0933852
0.450828,0.461538,0.090555
0.432485,0.477495,0.0978474
0.461983,0.460058,0.0866218
0.420898,0.483398,0.0996094
0.427053,0.483092,0.0917874
0.405197,0.503369,0.0972089
0.427326,0.48062,0.0968992
0.430934,0.462062,0.110895
0.438596,0.474659,0.0935673
0.428016,0.48249,0.0914397
0.438104,0.475822,0.0880077
0.436523,0.490234,0.0761719
0.429412,0.476471,0.0970588
0.409662,0.508213,0.0898551
0.422522,0.500481,0.0837344
0.452703,0.460425,0.0878378
0.445092,0.469388,0.0874636
0.428988,0.472763,0.101167
0.422481,0.491279,0.0891473
0.43677,0.474708,0.0963035
0.44058,0.474396,0.0927536
0.416179,0.497076,0.0925926
0.434783,0.485024,0.0908213
0.447907,0.478092,0.0788705
0.412871,0.492079,0.0960396
0.420597,0.491819,0.0943215
0.426628,0.496599,0.0816327
0.449664,0.477469,0.0786194
0.427451,0.49902,0.0764706
0.418217,0.487757,0.0959843
0.421875,0.481445,0.100586
0.42623,0.481196,0.099325
0.428433,0.496132,0.0831721
0.453477,0.450539,0.0979432
0.428571,0.496599,0.0767736
0.440313,0.47456,0.0861057
0.433171,0.487805,0.084878
0.398844,0.508671,0.0953757
0.420597,0.501444,0.0837344
0.412853,0.488802,0.100292
0.409932,0.497566,0.0954236
0.43301,0.493204,0.0796117
0.431752,0.49274,0.0822846
0.416586,0.499518,0.0867888
0.424482,0.486673,0.0908193
0.422287,0.487781,0.0928641
0.426197,0.474096,0.101662
0.409756,0.49561,0.0985366
0.444553,0.453307,0.104086
0.442718,0.480583,0.0796117
0.423679,0.499022,0.0802348
0.449515,0.466019,0.0873786
0.469506,0.450145,0.0803485
0.424658,0.500978,0.0753425
0.407805,0.49561,0.0985366
0.450528,0.456292,0.0970221
0.42289,0.473327,0.107662
0.443259,0.460718,0.0979631
0.439118,0.471716,0.0977948
0.428293,0.484878,0.0897561
0.443149,0.463557,0.0962099
0.450242,0.457971,0.0975845
0.4355,0.479146,0.0902037
0.433526,0.476879,0.0992293
0.409311,0.501455,0.0960233
0.433816,0.477295,0.0927536
0.4143,0.512243,0.0763957
0.4258,0.485936,0.0892338
0.461089,0.453307,0.0914397
0.414467,0.509286,0.0821114
0.448743,0.474855,0.0831721
0.424301,0.48891,0.0925747
0.44,0.484762,0.0819048
0.447471,0.462062,0.0933852
0.453321,0.469682,0.0818094
0.432171,0.492248,0.0784884
0.426214,0.476699,0.1
0.426912,0.491772,0.0851888
0.414093,0.484556,0.103282
0.425388,0.487403,0.0920543
0.438104,0.469052,0.098646
0.464981,0.463035,0.0768482
0.416101,0.496605,0.0892338
0.433852,0.487354,0.0826848
0.43038,0.481013,0.0925024
0.445748,0.472141,0.085044
0.448643,0.474806,0.0784884
0.425944,0.499516,0.0803485
0.446705,0.473837,0.0843023
0.43259,0.491756,0.0766246
0.429264,0.476744,0.0949612
0.415039,0.501953,0.0859375
0.447241,0.47241,0.0851888
0.416992,0.49707,0.0888672
0.430934,0.479572,0.094358
0.434656,0.479187,0.090029
0.427175,0.484848,0.0899316
0.464844,0.457031,0.0791016
0.422929,0.488439,0.0934489
0.419942,0.496644,0.0872483
0.44152,0.463938,0.0964912
0.415295,0.498548,0.0880929
0.457088,0.45323,0.0935391
0.402153,0.499022,0.0998043
0.409135,0.509232,0.0864917
0.409884,0.495155,0.0968992
0.428986,0.490821,0.0830918
0.405088,0.506849,0.0900196
0.444444,0.47318,0.0871648
0.449079,0.474297,0.0814743
0.43457,0.482422,0.0849609
0.448109,0.474297,0.0795344
0.443804,0.470701,0.0941402
0.419981,0.492726,0.0911736
0.43453,0.489816,0.0805044
0.423598,0.497099,0.0880077
0.45561,0.467317,0.0809756
0.42885,0.494152,0.0818713
0.435798,0.473735,0.0963035
0.418288,0.496109,0.0894942
0.430528,0.484344,0.0880626
0.441634,0.472763,0.0894942
0.442829,0.473837,0.0891473
0.445611,0.47042,0.0896947
0.434489,0.489403,0.083815
0.419729,0.487427,0.10058
0.426214,0.493204,0.0834951
0.426641,0.494208,0.0830116
0.454017,0.463698,0.0851888
0.424301,0.486982,0.0935391
0.415938,0.488824,0.0971817
0.395122,0.526829,0.0819512
0.430368,0.470019,0.101547
0.442512,0.467633,0.0927536
0.4476,0.469148,0.0901077
0.414946,0.495575,0.0914454
0.402153,0.511742,0.0870841
0.453677,0.475645,0.0764088
0.419825,0.49757,0.0845481
0.446498,0.461089,0.094358
0.417315,0.491245,0.094358
0.427334,0.463908,0.110683
0.428433,0.498066,0.0783366
0.454721,0.459538,0.0905588
0.435328,0.472008,0.0965251
0.428571,0.482625,0.0926641
0.417391,0.488889,0.0956522
0.420388,0.484466,0.0980583
0.44305,0.494208,0.0694981
0.405088,0.495108,0.103718
0.451327,0.445428,0.105211
0.425,0.491346,0.0903846
0.417636,0.502907,0.0862403
0.417636,0.492248,0.0930233
0.423598,0.479691,0.0996132
0.445419,0.473684,0.088694
0.421616,0.495618,0.090555
0.407444,0.496572,0.0989226
0.400389,0.516035,0.0884354
0.392157,0.515686,0.0970588
0.435203,0.479691,0.089942
0.418762,0.500967,0.082205
0.461909,0.456123,0.0877531
0.443269,0.461538,0.1
0.434402,0.482993,0.0845481
0.428991,0.473066,0.0979432
0.415534,0.498058,0.0893204
0.398247,0.511198,0.0944499
0.426654,0.49185,0.084372
0.435798,0.470817,0.0972763
0.452242,0.45809,0.0916179
0.422027,0.500975,0.079922
0.424447,0.475457,0.104909
0.432617,0.482422,0.0869141
0.446667,0.462857,0.0933333
0.449612,0.452519,0.100775
0.472921,0.444874,0.0860735
0.436959,0.471607,0.0981713
0.430087,0.494696,0.0829315
0.420388,0.498058,0.0883495
0.417954,0.502896,0.0839768
0.429412,0.487255,0.0852941
0.413926,0.494197,0.0938104
0.436469,0.471387,0.0931135
0.446705,0.471899,0.0862403
0.439024,0.462439,0.102439
0.458374,0.454456,0.0881489
0.427459,0.497566,0.0798442
0.422027,0.488304,0.0955166
0.434275,0.488802,0.0866602
0.432277,0.495677,0.0739673
0.415861,0.487427,0.0996132
0.437378,0.468689,0.0978474
0.440661,0.461089,0.101167
0.413359,0.499516,0.0919652
0.41001,0.515881,0.080847
0.438529,0.483059,0.0822846
0.414062,0.500977,0.0917969
0.406583,0.498548,0.0997096
0.445736,0.48062,0.0804264
0.446933,0.471276,0.083739
0.43973,0.493732,0.0694311
0.423712,0.496599,0.0806608
0.446602,0.471845,0.0883495
0.452081,0.471442,0.0793804
0.437073,0.475122,0.0907317
0.423002,0.491228,0.0867446
0.45614,0.469786,0.0789474
0.443793,0.466276,0.0938416
0.407227,0.517578,0.0810547
0.451737,0.466216,0.0868726
0.419942,0.485139,0.096836
0.44,0.485854,0.0770732
0.441006,0.471954,0.0938104
0.430108,0.483871,0.0899316
0.424855,0.49711,0.0828516
0.438409,0.478177,0.0872939
0.435203,0.485493,0.0851064
0.435749,0.485024,0.0830918
0.408519,0.484995,0.112294
0.419167,0.484995,0.0987415
0.430108,0.482893,0.0889541
0.487007,0.428296,0.0885467
0.44086,0.475073,0.086999
0.4174,0.486804,0.0987292
0.419038,0.509323,0.0755643
0.44868,0.4565,0.0977517
0.426912,0.490803,0.0851888
0.447977,0.463391,0.0905588
0.413295,0.506744,0.088632
0.465753,0.444227,0.0939335
0.415938,0.49174,0.100097
0.431884,0.485024,0.0879227
0.431051,0.48216,0.0887175
0.426087,0.482126,0.0975845
0.425388,0.493217,0.0852713
0.436837,0.479267,0.0858245
0.446064,0.475219,0.0826045
0.408243,0.504416,0.0883219
0.42171,0.49952,0.0845341
0.44868,0.475073,0.0801564
0.411423,0.494676,0.0968054
0.447646,0.473583,0.0864553
0.447036,0.479106,0.0777454
0.439846,0.484119,0.0846968
0.424565,0.488395,0.0909091
0.445312,0.473633,0.0859375
0.457364,0.466085,0.0823643
0.451396,0.47642,0.078922
0.424419,0.49031,0.0891473
0.441091,0.479065,0.083739
0.445092,0.485909,0.0728863
0.434698,0.464912,0.102339
0.429259,0.501444,0.0769971
0.453578,0.465184,0.0851064
0.436346,0.479106,0.0864917
0.412574,0.494106,0.0943026
0.444015,0.452703,0.105212
0.404235,0.509143,0.093359
0.427326,0.501938,0.0765504
0.417071,0.510184,0.0805044
0.425243,0.484466,0.0941748
0.430934,0.48249,0.0924125
0.429126,0.492233,0.0834951
0.441091,0.477118,0.0866602
0.405172,0.517241,0.0814176
0.444553,0.457311,0.0991168
0.431641,0.476562,0.09375
0.447139,0.475267,0.0795344
0.429537,0.496139,0.0830116
0.422481,0.491279,0.0901163
0.463532,0.454894,0.0834933
0.415938,0.504373,0.0855199
0.409091,0.481625,0.113153
0.447907,0.461538,0.0934761
0.477073,0.443902,0.0839024
0.439497,0.471442,0.0939013
0.443149,0.47619,0.0884354
0.443696,0.473532,0.0923965
0.445535,0.465162,0.0922473
0.441815,0.478304,0.081854
0.427746,0.481696,0.0953757
0.436715,0.47343,0.0937198
0.44,0.483902,0.0809756
0.436538,0.482692,0.0855769
0.421616,0.47517,0.108082
0.426923,0.465385,0.113462
0.461165,0.445631,0.0970874
0.417476,0.473786,0.109709
0.442383,0.486328,0.0761719
0.460211,0.452541,0.0920422
0.442829,0.464147,0.0939922
0.421875,0.476562,0.109375
0.421616,0.499513,0.083739
0.42871,0.473327,0.100873
0.446394,0.469786,0.0847953
0.420898,0.495117,0.0869141
0.428432,0.485881,0.0886076
0.416992,0.488281,0.0976562
0.422439,0.484878,0.0956098
0.444985,0.463486,0.0934761
0.426654,0.507191,0.0699904
0.438647,0.486957,0.0792271
0.40622,0.496599,0.0991254
0.430784,0.491772,0.0832527
0.42386,0.488846,0.0950533
0.413963,0.505408,0.0816126
0.428571,0.493683,0.0835763
0.43762,0.481766,0.0873321
0.428016,0.497082,0.077821
0.415279,0.48286,0.10382
0.407514,0.512524,0.0876686
0.432327,0.469328,0.10224
0.423631,0.487992,0.0931796
0.42233,0.493204,0.0912621
0.41619,0.499048,0.0933333
0.441634,0.464008,0.0963035
0.444767,0.475775,0.0843023
0.434951,0.479612,0.0912621
0.431184,0.493744,0.080847
0.426641,0.489382,0.0916988
0.449807,0.470077,0.0820463
0.436416,0.487476,0.0828516
0.408829,0.497121,0.0959693
0.439261,0.478134,0.0835763
0.429126,0.486408,0.0883495
0.447805,0.452683,0.100488
0.416507,0.503839,0.0892514
0.419825,0.493683,0.0913508
0.455882,0.457843,0.0882353
0.43301,0.482524,0.0883495
0.43356,0.478177,0.0940834
0.422439,0.48878,0.0897561
0.45314,0.455072,0.0937198
0.42774,0.490786,0.0834142
0.430097,0.484466,0.0873786
0.4174,0.500489,0.0860215
0.421616,0.486855,0.0954236
0.4294,0.477756,0.0938104
0.454012,0.465753,0.0841487
0.407336,0.494208,0.104247
0.43445,0.467943,0.103349
0.423828,0.500977,0.078125
0.426923,0.475962,0.105769
0.426912,0.486931,0.0909971
0.422929,0.484586,0.0944123
0.39553,0.499514,0.108844
0.435624,0.490803,0.0784124
0.402153,0.513699,0.0861057
0.437864,0.481553,0.0815534
0.419261,0.495136,0.0865759
0.430108,0.476051,0.0957967
0.412791,0.488372,0.101744
0.417808,0.491194,0.0919765
0.424125,0.469844,0.107004
0.436293,0.489382,0.0810811
0.410853,0.499031,0.0959302
0.398629,0.513222,0.0910872
0.436469,0.459748,0.105723
0.412341,0.494613,0.0950049
0.454722,0.470302,0.0827653
0.382066,0.516569,0.103314
0.440499,0.463532,0.0988484
0.458778,0.477207,0.0688652
0.451018,0.456838,0.0960233
0.416263,0.49758,0.090029
0.466926,0.450389,0.0865759
0.425121,0.487923,0.0956522
0.412512,0.499511,0.0918866
0.457644,0.458617,0.0847128
0.419729,0.497099,0.0870406
0.446583,0.474495,0.0856593
0.427751,0.486124,0.092823
0.447241,0.471442,0.0851888
0.439072,0.479691,0.0870406
0.43259,0.488846,0.085354
0.452427,0.471845,0.0776699
0.431373,0.487255,0.0862745
0.465567,0.465567,0.0746848
0.415534,0.499029,0.0873786
0.423372,0.505747,0.0766284
0.42233,0.5,0.0805825
0.454012,0.451076,0.0988258
0.420696,0.498066,0.0870406
0.421053,0.488304,0.0945419
0.455769,0.449038,0.0961538
0.437561,0.469506,0.0948693
0.440777,0.482524,0.0786408
0.409487,0.500484,0.0929332
0.403071,0.503839,0.0959693
0.428709,0.483622,0.0924855
0.441091,0.462512,0.0993184
0.494186,0.429264,0.0813953
0.45534,0.464078,0.0834951
0.450389,0.457198,0.098249
0.432665,0.497612,0.0754537
0.449079,0.468477,0.0834142
0.436959,0.462945,0.102021
0.43301,0.486408,0.0854369
0.43829,0.471331,0.0923226
0.436222,0.465433,0.100292
0.437681,0.484058,0.0830918
0.426245,0.493295,0.0890805
0.428709,0.486513,0.0915222
0.425388,0.495155,0.0833333
0.438716,0.488327,0.0787938
0.447139,0.483026,0.0756547
0.444552,0.477338,0.0838959
0.422671,0.508165,0.0778098
0.414397,0.498054,0.0953307
0.430502,0.494208,0.0820463
0.415205,0.489279,0.0964912
0.422135,0.506366,0.0773751
0.441724,0.464251,0.0959843
0.432327,0.488802,0.0808179
0.437318,0.478134,0.0864917
0.423598,0.473888,0.104449
0.42233,0.491262,0.0912621
0.408602,0.487781,0.104594
0.422671,0.48511,0.0999039
0.418627,0.482353,0.101961
0.428158,0.481196,0.0954677
0.428991,0.487757,0.0852106
0.443798,0.472868,0.0862403
0.427459,0.477118,0.100292
0.429543,0.475219,0.101069
0.420849,0.494208,0.0897683
0.435034,0.500481,0.0721848
0.442177,0.4655,0.0952381
0.422439,0.485854,0.0965854
0.441319,0.482056,0.0795344
0.416179,0.499025,0.0925926
0.40499,0.5,0.0959693
0.438596,0.483431,0.079922
0.44347,0.478558,0.082846
0.42233,0.494175,0.0864078
0.406037,0.513145,0.0866602
0.445972,0.47053,0.0854617
0.40619,0.494197,0.102515
0.409662,0.505314,0.0917874
0.438786,0.481881,0.0812929
0.428431,0.481373,0.0911765
0.442718,0.478641,0.0834951
0.445972,0.471513,0.0854617
0.435374,0.47036,0.0981535
0.441459,0.46929,0.0978887
0.409709,0.492233,0.102913
0.415861,0.500967,0.0918762
0.438356,0.485323,0.0772994
0.42774,0.497575,0.0814743
0.436837,0.478303,0.0954677
0.4125,0.488462,0.101923
0.433723,0.505848,0.0623782
0.418515,0.503375,0.0829315
0.431731,0.481731,0.0923077
0.423564,0.491723,0.0886076
0.454283,0.47257,0.0779596
0.418269,0.494231,0.0923077
0.3963,0.520935,0.0886076
0.438835,0.476699,0.0902913
0.409932,0.513145,0.0817916
0.439216,0.473529,0.0882353
0.40409,0.518014,0.0817916
0.447318,0.455939,0.10728
0.438356,0.470646,0.0958904
0.421875,0.493164,0.0869141
0.433301,0.483934,0.0895813
0.439335,0.47456,0.090998
0.431238,0.467583,0.101179
0.421769,0.487852,0.090379
0.435203,0.475822,0.0938104
0.419167,0.49758,0.0842207
0.451518,0.453477,0.100881
0.427875,0.488304,0.088694
0.432039,0.481553,0.0864078
0.428023,0.5,0.0806142
0.442085,0.475869,0.0868726
0.453765,0.467112,0.0848427
0.438424,0.460099,0.102463
0.407805,0.491707,0.106341
0.455868,0.477207,0.0678952
0.416263,0.504356,0.0832527
0.423598,0.489362,0.089942
0.410156,0.498047,0.0966797
0.408341,0.497575,0.0969932
0.41165,0.502913,0.0893204
0.449854,0.458617,0.0944499
0.46124,0.45155,0.0930233
0.442383,0.480469,0.0820312
0.425388,0.477713,0.104651
0.399217,0.510763,0.0919765
0.419574,0.491279,0.0930233
0.416747,0.496631,0.0885467
0.463768,0.452174,0.0869565
0.451302,0.473481,0.0819672
0.455954,0.460794,0.0909971
0.433759,0.483808,0.0853778
0.449119,0.478474,0.0763209
0.479651,0.448643,0.0736434
0.416259,0.498531,0.08619
0.460348,0.453578,0.089942
0.42233,0.500971,0.0834951
0.432063,0.489736,0.0840665
0.412683,0.48,0.109268
0.439883,0.462366,0.100684
0.412959,0.501934,0.0918762
0.427885,0.495192,0.0817308
0.411594,0.485024,0.10628
0.407625,0.495601,0.0987292
0.42885,0.477583,0.0964912
0.415058,0.499035,0.0888031
0.412621,0.515534,0.0805825
0.424658,0.486301,0.090998
0.412281,0.500975,0.0896686
0.450528,0.465898,0.0864553
0.428293,0.496585,0.0770732
0.445946,0.467181,0.0916988
0.429543,0.482993,0.0932945
0.40998,0.501957,0.0890411
0.425926,0.48538,0.0916179
0.424565,0.481625,0.098646
0.440191,0.48134,0.0842105
0.417969,0.500977,0.0869141
0.436647,0.47271,0.0945419
0.436592,0.47241,0.0948693
0.446933,0.460565,0.0954236
0.421305,0.49904,0.0834933
0.439453,0.485352,0.0791016
0.415295,0.485963,0.100678
0.433944,0.471553,0.0983607
0.41683,0.492172,0.0968689
0.451113,0.448209,0.100678
0.415222,0.50578,0.0799615
0.435374,0.485909,0.0845481
0.420096,0.494737,0.092823
0.437318,0.498542,0.0699708
0.395551,0.515474,0.0976789
0.444553,0.465953,0.0933852
0.434995,0.483871,0.086999
0.441233,0.483622,0.0867052
0.420332,0.488759,0.0909091
0.454369,0.471845,0.0786408
0.420951,0.507274,0.0756547
0.442815,0.470186,0.086999
0.449219,0.469727,0.0849609
0.432821,0.486564,0.0873321
0.435922,0.486408,0.0834951
0.413659,0.487805,0.102439
0.419512,0.509268,0.0780488
0.433852,0.470817,0.0972763
0.422929,0.498073,0.0867052
0.405458,0.516569,0.079922
0.437743,0.476654,0.0914397
0.438343,0.49422,0.0722543
0.410232,0.521236,0.0743243
0.42345,0.489341,0.0959302
0.447805,0.469268,0.0858537
0.438169,0.480039,0.0817916
0.439528,0.457227,0.105211
0.431068,0.472816,0.100971
0.400976,0.493659,0.107317
0.420749,0.506244,0.0806916
0.437137,0.473888,0.0928433
0.431662,0.492625,0.0776794
0.415445,0.500489,0.085044
0.437196,0.477118,0.0915287
0.427734,0.486328,0.09375
0.418945,0.480469,0.103516
0.459538,0.458574,0.0847784
0.424419,0.49031,0.0901163
0.437016,0.482558,0.0833333
0.441292,0.482387,0.0792564
0.42171,0.479347,0.0999039
0.423415,0.478049,0.0995122
0.431929,0.485798,0.0822723
0.411197,0.500965,0.0926641
0.455245,0.470645,0.0798845
0.426104,0.479846,0.0988484
0.44466,0.480583,0.076699
0.43973,0.479267,0.0896818
0.444444,0.478261,0.0821256
0.418787,0.483366,0.0988258
0.419261,0.493191,0.0933852
0.433852,0.475681,0.0924125
0.447573,0.484466,0.0728155
0.437023,0.476145,0.0887405
0.418537,0.493659,0.0926829
0.409091,0.494197,0.10058
0.414132,0.513248,0.0765456
0.426641,0.487452,0.0926641
0.436069,0.473282,0.0954198
0.425388,0.482558,0.0968992
0.421053,0.481481,0.0994152
0.412451,0.514591,0.0787938
0.388781,0.535783,0.0783366
0.44,0.47122,0.0897561
0.452081,0.459826,0.0929332
0.437196,0.489776,0.0759494
0.416263,0.506292,0.0822846
0.436222,0.477118,0.0876339
0.415354,0.501969,0.0856299
0.43259,0.470417,0.101843
0.430664,0.491211,0.0820312
0.433109,0.493744,0.0741097
0.413628,0.495202,0.0930902
0.409311,0.498545,0.0979631
0.4,0.520773,0.0850242
0.427053,0.499517,0.084058
0.44358,0.469844,0.0924125
0.424094,0.507346,0.072478
0.4355,0.484966,0.0834142
0.420233,0.509728,0.0710117
0.446829,0.481951,0.0770732
0.403475,0.522201,0.0868726
0.449756,0.475122,0.0790244
0.403071,0.519194,0.0834933
0.442064,0.484907,0.0778968
0.433171,0.47122,0.097561
0.451644,0.467118,0.0851064
0.434363,0.487452,0.0839768
0.438462,0.480769,0.0846154
0.451707,0.466341,0.0819512
0.435798,0.478599,0.0894942
0.431373,0.496078,0.0784314
0.44499,0.478389,0.0825147
0.416101,0.500485,0.0902037
0.428988,0.485409,0.0904669
0.43298,0.491803,0.0800386
0.417795,0.494197,0.0938104
0.43038,0.492697,0.0827653
0.42483,0.488846,0.0940834
0.421104,0.494676,0.0861568
0.433109,0.489894,0.080847
0.464666,0.451113,0.0880929
0.44971,0.472921,0.0802708
0.43162,0.474297,0.0979631
0.42304,0.506292,0.0745402
0.42623,0.48891,0.0867888
0.443798,0.491279,0.0726744
0.414327,0.490803,0.0968054
0.42471,0.500965,0.0781853
0.438596,0.473684,0.0906433
0.413827,0.510224,0.0769231
0.441838,0.477028,0.0840665
0.434615,0.473077,0.0923077
0.441319,0.484966,0.0775946
0.447036,0.463557,0.0932945
0.486434,0.437016,0.0833333
0.4276,0.482993,0.0913508
0.444553,0.480545,0.0787938
0.43457,0.488281,0.0800781
0.427875,0.48538,0.0906433
0.441205,0.489796,0.0738581
0.460938,0.467773,0.0732422
0.451113,0.460794,0.0919652
0.418057,0.505397,0.077527
0.405825,0.508738,0.0873786
0.411479,0.491245,0.103113
0.409311,0.504365,0.0911736
0.436893,0.479612,0.0873786
0.408915,0.508721,0.0823643
0.42029,0.496618,0.0859903
0.395146,0.497087,0.108738
0.43122,0.480976,0.0907317
0.45323,0.478303,0.0742527
0.430097,0.480583,0.0902913
0.435749,0.478261,0.0927536
0.4148,0.485881,0.100292
0.429808,0.492308,0.0826923
0.418762,0.503868,0.0860735
0.440628,0.478901,0.0834151
0.436047,0.474806,0.0939922
0.4148,0.491723,0.0963973
0.438104,0.476789,0.0918762
0.435922,0.480583,0.0864078
0.422179,0.481518,0.098249
0.415861,0.488395,0.0967118
0.418537,0.492683,0.0936585
0.430799,0.486355,0.088694
0.425409,0.500481,0.0798845
0.429406,0.476144,0.0983447
0.423977,0.486355,0.0945419
0.429126,0.472816,0.0990291
0.448109,0.454898,0.100873
0.451613,0.474096,0.0752688
0.421206,0.495136,0.0865759
0.44186,0.472868,0.0881783
0.415131,0.484966,0.101843
0.428152,0.502444,0.0733138
0.393411,0.504845,0.10562
0.430108,0.484848,0.0879765
0.442718,0.461165,0.0980583
0.443137,0.469608,0.0921569
0.406464,0.508325,0.0881489
0.424242,0.497556,0.085044
0.437864,0.485437,0.0805825
0.444336,0.456055,0.100586
0.439024,0.478049,0.084878
0.433981,0.462136,0.104854
0.438278,0.479426,0.0889952
0.426782,0.489403,0.0867052
0.419479,0.497589,0.0877531
0.445092,0.47036,0.0864917
0.425819,0.475915,0.0992293
0.404624,0.492293,0.106936
0.453846,0.451923,0.103846
0.450145,0.465634,0.0861568
0.43162,0.485936,0.085354
0.411197,0.503861,0.0878378
0.427073,0.476644,0.101049
0.413359,0.498548,0.0919652
0.409357,0.495127,0.102339
0.447977,0.467245,0.0924855
0.43122,0.484878,0.0897561
0.435078,0.468023,0.100775
0.439379,0.478177,0.0834142
0.426499,0.480658,0.0976789
0.43617,0.483559,0.0860735
0.454545,0.464217,0.0851064
0.43314,0.477713,0.0939922
0.428988,0.48249,0.0904669
0.424684,0.492711,0.0855199
0.434275,0.481013,0.0886076
0.443689,0.474757,0.0883495
0.4355,0.489816,0.0775946
0.422222,0.492754,0.094686
0.438169,0.481013,0.0847128
0.420951,0.487876,0.0921435
0.434071,0.496631,0.0760346
0.403661,0.492293,0.108863
0.445098,0.455882,0.102941
0.41691,0.494655,0.0884354
0.430108,0.500489,0.0733138
0.411306,0.505848,0.0867446
0.423152,0.502918,0.0807393
0.455782,0.455782,0.0923226
0.4565,0.459433,0.085044
0.433759,0.481845,0.0883219
0.447805,0.475122,0.0780488
0.411143,0.498559,0.0960615
0.428994,0.483235,0.0887574
0.414093,0.505792,0.0839768
0.432122,0.492352,0.0860421
0.44466,0.458252,0.0970874
0.430784,0.480155,0.0909971
0.439189,0.469112,0.0955598
0.41068,0.501942,0.0970874
0.423679,0.5,0.0841487
0.434783,0.472464,0.0975845
0.416263,0.479187,0.106486
0.441748,0.471845,0.0893204
0.455159,0.459981,0.0887175
0.434109,0.477713,0.0901163
0.420233,0.487354,0.0972763
0.411535,0.488759,0.102639
0.428432,0.47517,0.097371
0.435374,0.475219,0.0962099
0.441546,0.474396,0.0879227
0.397461,0.511719,0.09375
0.430799,0.482456,0.088694
0.444765,0.466859,0.092219
0.419167,0.496612,0.0861568
0.425388,0.491279,0.0881783
0.438343,0.473025,0.0944123
0.431907,0.472763,0.0963035
0.41423,0.504873,0.0838207
0.447139,0.472357,0.085354
0.4258,0.486906,0.0931135
0.446705,0.460271,0.0978682
0.391853,0.525703,0.0843841
0.437928,0.481916,0.0811339
0.454985,0.450145,0.100678
0.393346,0.504892,0.10274
0.450195,0.452148,0.0996094
0.41691,0.482993,0.104956
0.43272,0.473379,0.0977735
0.436222,0.477118,0.090555
0.418605,0.497093,0.0862403
0.458778,0.466537,0.0775946
0.434109,0.484496,0.0823643
0.434402,0.479106,0.0923226
0.426499,0.490329,0.0889749
0.426214,0.495146,0.0805825
0.442607,0.465953,0.0924125
0.417154,0.473684,0.112086
0.429672,0.498073,0.0799615
0.418515,0.483124,0.101254
0.426912,0.500484,0.0755082
0.416505,0.494175,0.0941748
0.425366,0.491707,0.0839024
0.42968,0.479146,0.0931135
0.43677,0.476654,0.0904669
0.422439,0.477073,0.100488
0.458171,0.450389,0.0963035
0.429126,0.473786,0.102913
0.445098,0.47549,0.0823529
0.433431,0.489796,0.0816327
0.438409,0.475267,0.0911736
0.437259,0.454633,0.112934
0.426357,0.472868,0.102713
0.450338,0.457088,0.0954677
0.410405,0.508671,0.0857418
0.415774,0.512171,0.0778968
0.449079,0.474297,0.0805044
0.412391,0.49758,0.0968054
0.447907,0.470302,0.090555
0.431335,0.473888,0.0976789
0.436222,0.485881,0.0817916
0.436647,0.464912,0.102339
0.428848,0.487899,0.089061
0.431907,0.491245,0.0787938
0.423372,0.494253,0.0900383
0.434363,0.488417,0.0810811
0.442085,0.471042,0.0916988
0.420696,0.479691,0.102515
0.418879,0.486726,0.0993117
0.437439,0.479146,0.0902037
0.425366,0.499512,0.08
0.404854,0.502913,0.0980583
0.444335,0.477833,0.0788177
0.447419,0.465583,0.0956023
0.411479,0.513619,0.0846304
0.434109,0.488372,0.0823643
0.42677,0.489816,0.0882638
0.426357,0.493217,0.0862403
0.434656,0.47241,0.0997096
0.442289,0.459748,0.0989331
0.415597,0.497532,0.088845
0.467757,0.456208,0.0837344
0.432777,0.47792,0.0922473
0.438647,0.477295,0.0898551
0.421002,0.5,0.083815
0.42233,0.486408,0.092233
0.425926,0.492203,0.08577
0.43304,0.478983,0.0899316
0.428155,0.487379,0.0912621
0.41954,0.484674,0.106322
0.406037,0.508277,0.090555
0.443689,0.48932,0.0737864
0.441748,0.47767,0.0825243
0.407191,0.506317,0.0913508
0.440777,0.492233,0.0728155
0.428291,0.48723,0.0884086
0.418041,0.490786,0.0911736
0.450485,0.464078,0.0893204
0.419261,0.490272,0.094358
0.411025,0.51354,0.082205
0.444553,0.476938,0.0804711
0.422439,0.493659,0.0868293
0.42192,0.505335,0.0843841
0.424419,0.495155,0.0813953
0.4276,0.495627,0.0816327
0.429264,0.479651,0.0939922
0.445736,0.475775,0.0833333
0.423977,0.488304,0.0896686
0.430784,0.50242,0.071636
0.439261,0.466472,0.0952381
0.429126,0.496117,0.0796117
0.438224,0.487452,0.0781853
0.413086,0.506836,0.0820312
0.428986,0.486957,0.0908213
0.439497,0.484995,0.0813166
0.425819,0.487476,0.0905588
0.418605,0.507752,0.0775194
0.438049,0.48878,0.0790244
0.449136,0.46737,0.0921305
0.446933,0.474197,0.083739
0.420749,0.495677,0.0912584
0.419011,0.500485,0.086324
0.431662,0.466077,0.104228
0.413452,0.487636,0.0999011
0.430097,0.492233,0.0805825
0.435673,0.473684,0.0964912
0.446911,0.468147,0.0916988
0.45428,0.467899,0.0807393
0.413994,0.501458,0.0864917
0.43162,0.474297,0.0969932
0.437378,0.47456,0.0900196
0.439922,0.472868,0.0930233
0.440039,0.490329,0.0754352
0.450772,0.449807,0.103282
0.402332,0.504373,0.0952381
0.424736,0.474593,0.103547
0.454456,0.461312,0.0881489
0.413592,0.480583,0.108738
0.422072,0.484995,0.0939013
0.44878,0.47122,0.0819512
0.439806,0.469903,0.0951456
0.437196,0.476144,0.0915287
0.435624,0.477251,0.0880929
0.416101,0.482056,0.106693
0.44152,0.473684,0.0896686
0.439846,0.47642,0.0856593
0.397059,0.497059,0.107843
0.455067,0.453155,0.0984704
0.415459,0.491787,0.0937198
0.423828,0.490234,0.0908203
0.422701,0.510763,0.074364
0.432879,0.479572,0.0904669
0.432327,0.481013,0.090555
0.42029,0.478261,0.102415
0.437196,0.484907,0.0808179
0.422222,0.496618,0.0888889
0.438647,0.46087,0.108213
0.407767,0.51165,0.0893204
0.41315,0.501472,0.0873405
0.441006,0.464217,0.098646
0.416988,0.497104,0.0897683
0.419103,0.479532,0.104288
0.414397,0.483463,0.105058
0.431752,0.484995,0.0909971
0.416505,0.491262,0.0941748
0.420388,0.496117,0.084466
0.434825,0.473735,0.0963035
0.411197,0.497104,0.100386
0.431599,0.504817,0.0693642
0.417722,0.499513,0.083739
0.415131,0.479146,0.108632
0.454012,0.462818,0.0851272
0.428432,0.480039,0.097371
0.433723,0.491228,0.0818713
0.43301,0.468932,0.0990291
0.449318,0.476608,0.0769981
0.422439,0.496585,0.0829268
0.416094,0.51423,0.0726202
0.416505,0.503883,0.0825243
0.435078,0.479651,0.0872093
0.419417,0.487379,0.0970874
0.454545,0.462282,0.0880077
0.433594,0.477539,0.0917969
0.448008,0.468416,0.090379
0.4375,0.46875,0.102539
0.436416,0.484586,0.0828516
0.434109,0.483527,0.0872093
0.411479,0.508755,0.0875486
0.419324,0.492754,0.0927536
0.429395,0.507205,0.0710855
0.427875,0.484405,0.0896686
0.428571,0.483366,0.0890411
0.423712,0.484937,0.0942663
0.456226,0.439689,0.108949
0.405825,0.518447,0.0815534
0.444227,0.469667,0.0919765
0.404276,0.501458,0.0971817
0.434185,0.481336,0.086444
0.44112,0.475869,0.0878378
0.416016,0.489258,0.0966797
0.452611,0.469052,0.0831721
0.451613,0.464321,0.086999
0.425532,0.487427,0.089942
0.438409,0.468477,0.0969932
0.450581,0.460271,0.0939922
0.418129,0.5,0.0906433
0.441748,0.458252,0.101942
0.42968,0.495635,0.0785645
0.43038,0.480039,0.0915287
0.4476,0.475024,0.0783546
0.445736,0.482558,0.0746124
0.42607,0.485409,0.0953307
0.450906,0.489037,0.0695901
0.437378,0.455969,0.107632
0.428152,0.489736,0.085044
0.445199,0.476237,0.0843841
0.448544,0.461165,0.0941748
0.423301,0.495146,0.0902913
0.431202,0.498062,0.0775194
0.431752,0.484995,0.0861568
0.414093,0.501931,0.0888031
0.450048,0.472357,0.0834142
0.436047,0.456395,0.109496
0.424272,0.492233,0.0864078
0.422522,0.481232,0.0991338
0.434741,0.486564,0.0825336
0.433431,0.48105,0.090379
0.421616,0.496592,0.0847128
0.42483,0.493695,0.086324
0.414258,0.501927,0.0895954
0.429952,0.48599,0.0888889
0.440117,0.469328,0.090555
0.419922,0.478516,0.101562
0.42549,0.490196,0.0862745
0.432432,0.484556,0.0859073
0.416826,0.506692,0.0879541
0.424658,0.480431,0.0949119
0.441748,0.483495,0.0786408
0.4276,0.503401,0.0748299
0.443798,0.474806,0.0843023
0.427175,0.479961,0.0957967
0.43259,0.474297,0.0960233
0.426912,0.484027,0.0909971
0.444874,0.467118,0.0889749
0.426912,0.49758,0.0784124
0.42278,0.478764,0.0984556
0.415113,0.500491,0.0853778
0.437743,0.476654,0.0865759
0.419011,0.473327,0.111542
0.448209,0.470474,0.0842207
0.417881,0.496599,0.0923226
0.442495,0.471735,0.088694
0.42304,0.499516,0.0851888
0.42885,0.500975,0.0730994
0.419825,0.500486,0.0864917
0.442703,0.475024,0.0832517
0.394917,0.506354,0.103617
0.427734,0.473633,0.100586
0.428432,0.493671,0.0886076
0.442953,0.492809,0.071908
0.428293,0.477073,0.0965854
0.436222,0.484907,0.083739
0.424125,0.464008,0.113813
0.437743,0.477626,0.0865759
0.423265,0.491691,0.0879765
0.459804,0.451961,0.0921569
0.440546,0.475634,0.0867446
0.402332,0.498542,0.104956
0.433816,0.486957,0.0859903
0.450242,0.47343,0.0792271
0.466795,0.460058,0.0818094
0.437622,0.479532,0.088694
0.450635,0.44477,0.104594
0.434146,0.481951,0.0858537
0.443907,0.472921,0.0918762
0.433171,0.482927,0.084878
0.42233,0.493204,0.0854369
0.45499,0.464775,0.0821918
0.422631,0.484526,0.0947776
0.405273,0.498047,0.101562
0.444229,0.463628,0.0960233
0.419669,0.496592,0.0876339
0.43259,0.495635,0.0775946
0.407227,0.499023,0.0986328
0.415445,0.502444,0.0860215
0.424684,0.484937,0.0942663
0.421256,0.49372,0.0859903
0.433594,0.452148,0.116211
0.417391,0.496618,0.0908213
0.447776,0.471954,0.0860735
0.427593,0.488258,0.0900196
0.418129,0.494152,0.0945419
0.410455,0.506292,0.0871249
0.428023,0.483685,0.0950096
0.447036,0.464529,0.0894072
0.431907,0.48249,0.0924125
0.420543,0.493217,0.0901163
0.43122,0.487805,0.0858537
0.44358,0.465953,0.094358
0.428709,0.471098,0.103083
0.447266,0.473633,0.0849609
0.42471,0.493243,0.0830116
0.428433,0.476789,0.0976789
0.436715,0.488889,0.0811594
0.419417,0.486408,0.0990291
0.42885,0.480507,0.0925926
0.430244,0.479024,0.0926829
0.454198,0.465649,0.0858779
0.413527,0.512077,0.0821256
0.432459,0.466472,0.102041
0.424537,0.476144,0.100292
0.455696,0.472249,0.0759494
0.414538,0.495088,0.0923379
0.409756,0.50439,0.0878049
0.428295,0.494186,0.0794574
0.432879,0.485409,0.0865759
0.401734,0.526975,0.0761079
0.426357,0.485465,0.0901163
0.450389,0.470817,0.0836576
0.414894,0.490329,0.0976789
0.424242,0.490714,0.0909091
0.42289,0.480116,0.0989331
0.427194,0.490839,0.0858245
0.408203,0.495117,0.100586
0.420797,0.505345,0.0787172
0.429672,0.49422,0.083815
0.421663,0.481625,0.0967118
0.445736,0.464147,0.0959302
0.438462,0.488462,0.0826923
0.423564,0.485881,0.0944499
0.417071,0.481086,0.106693
0.417476,0.493204,0.092233
0.421815,0.5,0.0868726
0.446705,0.460271,0.0959302
0.443038,0.477118,0.083739
0.425781,0.487305,0.0898438
0.44971,0.458414,0.0947776
0.41716,0.486193,0.0986193
0.458904,0.446184,0.0968689
0.431316,0.466859,0.105668
0.434109,0.478682,0.0910853
0.442383,0.470703,0.0908203
0.445642,0.463271,0.0940255
0.436242,0.477469,0.093001
0.42913,0.498534,0.0752688
0.445419,0.471735,0.0867446
0.45561,0.449756,0.097561
0.447139,0.466537,0.086324
0.442718,0.473786,0.0864078
0.415929,0.478859,0.105211
0.433464,0.475538,0.092955
0.452242,0.457115,0.0935673
0.426197,0.491691,0.0899316
0.44902,0.466667,0.0843137
0.431487,0.49174,0.0826045
0.45341,0.470701,0.0854947
0.452174,0.485024,0.068599
0.42386,0.485936,0.0921435
0.432327,0.488802,0.0808179
0.413693,0.501446,0.0887175
0.416667,0.496124,0.0910853
0.446064,0.48105,0.0758017
0.455426,0.46124,0.0881783
0.448479,0.47105,0.0834151
0.438529,0.474347,0.0909971
0.462658,0.448109,0.0940834
0.449612,0.471899,0.0833333
0.426614,0.483366,0.0919765
0.411423,0.499516,0.0909971
0.396154,0.522115,0.0894231
0.45098,0.462745,0.0882353
0.405379,0.517771,0.0816523
0.434489,0.474952,0.0915222
0.423564,0.495618,0.0856865
0.411306,0.494152,0.0964912
0.408738,0.494175,0.102913
0.44477,0.474096,0.0821114
0.42289,0.485936,0.0940834
0.427308,0.480354,0.0952849
0.435374,0.487852,0.0787172
0.406583,0.500484,0.0977735
0.445192,0.472115,0.0865385
0.446184,0.480431,0.0802348
0.437984,0.478682,0.0881783
0.425636,0.492172,0.0880626
0.426341,0.487805,0.0907317
0.42968,0.492726,0.0805044
0.42259,0.489776,0.0915287
0.419386,0.495202,0.0882917
0.408738,0.496117,0.102913
0.448109,0.464597,0.0902037
0.446583,0.470645,0.0943215
0.426471,0.495098,0.0803922
0.419103,0.491228,0.0925926
0.421463,0.486829,0.0946341
0.407191,0.50243,0.0952381
0.414563,0.503883,0.0854369
0.451302,0.457088,0.0935391
0.444338,0.471209,0.0950096
0.434698,0.476608,0.0945419
0.441609,0.481845,0.0814524
0.43065,0.481086,0.0960233
0.435673,0.482456,0.0818713
0.437132,0.469548,0.0943026
0.415698,0.487403,0.0998062
0.419825,0.500486,0.0855199
0.43301,0.48835,0.0854369
0.408341,0.488846,0.110572
0.451582,0.475551,0.0824545
0.448444,0.462062,0.0924125
0.421815,0.495174,0.0897683
0.419261,0.494163,0.094358
0.42955,0.486301,0.0880626
0.397485,0.509671,0.0967118
0.441973,0.466151,0.0947776
0.427751,0.486124,0.0909091
0.440349,0.491756,0.070805
0.432821,0.485605,0.0873321
0.413359,0.513069,0.0784124
0.42483,0.493695,0.0843841
0.454012,0.464775,0.0841487
0.43677,0.487354,0.0817121
0.428848,0.491772,0.0842207
0.415279,0.508325,0.0773751
0.441091,0.463486,0.097371
0.416422,0.496579,0.0889541
0.426471,0.463725,0.112745
0.434402,0.469388,0.103013
0.434698,0.484405,0.0838207
0.415445,0.488759,0.0977517
0.42289,0.486906,0.0960233
0.422481,0.503876,0.0755814
0.433944,0.472517,0.100289
0.42607,0.481518,0.0963035
0.417076,0.480864,0.104024
0.440661,0.486381,0.0768482
0.445535,0.490677,0.0647694
0.431752,0.469506,0.0997096
0.453307,0.463035,0.0875486
0.426341,0.472195,0.103415
0.427317,0.480976,0.0926829
0.431335,0.470986,0.10058
0.428293,0.479024,0.0946341
0.46087,0.456039,0.0869565
0.424951,0.478558,0.0984405
0.415622,0.513018,0.0781099
0.413359,0.50726,0.0851888
0.43065,0.485936,0.0902037
0.419634,0.495669,0.0914341
0.421104,0.480155,0.10455
0.435798,0.470817,0.0972763
0.420951,0.487876,0.0950533
0.444553,0.483463,0.0768482
0.445419,0.47076,0.0847953
0.429126,0.491262,0.0873786
0.470186,0.442815,0.0879765
0.422439,0.500488,0.0790244
0.426499,0.494197,0.0870406
0.42483,0.501455,0.0746848
0.440077,0.481304,0.0882071
0.432432,0.483591,0.0868726
0.395169,0.510145,0.0975845
0.437681,0.490821,0.0763285
0.420951,0.492726,0.0940834
0.415039,0.492188,0.0966797
0.425532,0.491296,0.0889749
0.414538,0.499018,0.0913556
0.416907,0.50048,0.0845341
0.429126,0.494175,0.0796117
0.4375,0.469231,0.0971154
0.432015,0.494696,0.0810029
0.428988,0.487354,0.0865759
0.430934,0.487354,0.0826848
0.413255,0.493177,0.0964912
0.403679,0.50242,0.0987415
0.424855,0.489403,0.0905588
0.430221,0.45717,0.113571
0.407692,0.5125,0.0875
0.441951,0.48,0.0819512
0.457005,0.462802,0.0850242
0.442197,0.478805,0.0799615
0.407336,0.502896,0.0907336
0.416748,0.503408,0.0856865
0.438159,0.467881,0.0977948
0.438235,0.481373,0.0882353
0.421156,0.494613,0.0920666
0.417315,0.490272,0.0963035
0.433269,0.476789,0.0947776
0.462062,0.452335,0.0865759
0.425676,0.476834,0.103282
0.411079,0.493683,0.103013
0.458858,0.458858,0.089061
0.42483,0.488846,0.0902037
0.443902,0.475122,0.0868293
0.426641,0.483591,0.0926641
0.449416,0.475681,0.0787938
0.456311,0.468932,0.0805825
0.463698,0.47241,0.0677638
0.393939,0.517107,0.0909091
0.43301,0.478641,0.0912621
0.410732,0.506341,0.0897561
0.449177,0.469506,0.0813166
0.420444,0.48891,0.0954677
0.416342,0.5,0.0865759
0.413424,0.500973,0.0914397
0.43457,0.484375,0.0839844
0.451988,0.466537,0.0834142
0.419103,0.5,0.0838207
0.441319,0.482056,0.0814743
0.417636,0.515504,0.0736434
0.417709,0.493744,0.0981713
0.418605,0.500969,0.0843023
0.406281,0.493621,0.101079
0.413827,0.491723,0.0963973
0.410232,0.503861,0.0926641
0.412916,0.492172,0.101761
0.45323,0.455159,0.0945034
0.42345,0.498062,0.0813953
0.419825,0.489796,0.0981535
0.432302,0.483559,0.0880077
0.417476,0.502913,0.084466
0.443683,0.478942,0.0822723
0.402534,0.499025,0.101365
0.422115,0.475,0.105769
0.43829,0.48105,0.0845481
0.440349,0.464597,0.101843
0.422439,0.497561,0.0829268
0.450485,0.472816,0.0786408
0.422549,0.495098,0.0872549
0.471607,0.460058,0.0721848
0.403902,0.50439,0.0936585
0.430515,0.49174,0.0835763
0.433981,0.48932,0.0825243
0.443259,0.483026,0.0805044
0.44152,0.473684,0.0867446
0.442177,0.475219,0.0845481
0.441292,0.466732,0.0939335
0.398655,0.518732,0.0893372
0.428571,0.465251,0.110039
0.466926,0.448444,0.0856031
0.452611,0.467118,0.0831721
0.416667,0.484314,0.1
0.410206,0.499509,0.0912659
0.413994,0.478134,0.108844
0.430622,0.476555,0.0995215
0.426513,0.490874,0.0864553
0.45789,0.454985,0.0909971
0.44058,0.490821,0.0724638
0.43617,0.488395,0.0841393
0.42471,0.472973,0.110039
0.442064,0.480039,0.0817916
0.438665,0.468106,0.0951914
0.430233,0.478682,0.0949612
0.411765,0.507232,0.0877531
0.403902,0.516098,0.0858537
0.396098,0.517073,0.0936585
0.425532,0.477756,0.0996132
0.42968,0.477207,0.0969932
0.41537,0.503891,0.0846304
0.432063,0.491691,0.0791789
0.435374,0.482021,0.0855199
0.413827,0.500487,0.0886076
0.437864,0.47767,0.0873786
0.421512,0.494186,0.0881783
0.449331,0.470363,0.0908222
0.46139,0.457529,0.0868726
0.445535,0.460255,0.0961727
0.449119,0.468689,0.0831703
0.459064,0.468811,0.0740741
0.437439,0.476237,0.0921435
0.432171,0.500969,0.0717054
0.429264,0.500969,0.0755814
0.424684,0.510204,0.0699708
0.43285,0.503382,0.07343
0.434825,0.490272,0.0807393
0.416747,0.490857,0.102021
0.409789,0.497121,0.0959693
0.413994,0.494655,0.0962099
0.414518,0.503343,0.0850048
0.424125,0.492218,0.0865759
0.432485,0.47456,0.0978474
0.43858,0.472169,0.0921305
0.4294,0.480658,0.0928433
0.426901,0.513645,0.0682261
0.432353,0.509804,0.0627451
0.45809,0.47271,0.0730994
0.452611,0.46325,0.0880077
0.421815,0.496139,0.0888031
0.405088,0.510763,0.0861057
0.430784,0.473379,0.0997096
0.424805,0.498047,0.0810547
0.432879,0.474708,0.094358
0.424447,0.497594,0.0846968
0.434951,0.48835,0.0786408
0.426923,0.493269,0.0846154
0.440154,0.474903,0.0897683
0.412668,0.493282,0.096929
0.418129,0.481481,0.102339
0.445854,0.475122,0.0809756
0.445525,0.484436,0.0758755
0.42549,0.495098,0.0813725
0.428571,0.487852,0.0884354
0.445098,0.469608,0.0862745
0.408163,0.482021,0.115646
0.423188,0.49372,0.0869565
0.439143,0.46446,0.100292
0.444878,0.466341,0.0917073
0.392614,0.527697,0.0835763
0.439261,0.475219,0.0864917
0.450433,0.467757,0.0875842
0.435248,0.484907,0.0817916
0.409836,0.508197,0.0858245
0.443369,0.468538,0.0909971
0.426901,0.498051,0.079922
0.423301,0.490291,0.0902913
0.433816,0.477295,0.0937198
0.403846,0.5,0.0980769
0.451267,0.475634,0.0769981
0.426104,0.493282,0.0882917
0.409135,0.504373,0.0874636
0.423564,0.481013,0.097371
0.435749,0.4657,0.104348
0.419038,0.490677,0.0922473
0.428988,0.491245,0.0856031
0.462056,0.461095,0.079731
0.450772,0.453668,0.104247
0.428571,0.476517,0.0998043
0.42304,0.505324,0.0793804
0.434071,0.474495,0.0923965
0.444444,0.481481,0.0779727
0.442829,0.462209,0.0978682
0.423372,0.491379,0.0900383
0.407767,0.502913,0.0912621
0.428295,0.48062,0.0968992
0.418945,0.503906,0.078125
0.409756,0.505366,0.084878
0.435248,0.481986,0.0895813
0.447573,0.458252,0.0961165
0.418288,0.498054,0.0856031
0.397672,0.510184,0.100873
0.437561,0.478219,0.0861568
0.435673,0.484405,0.0838207
0.435374,0.488824,0.0777454
0.406977,0.496124,0.100775
0.409662,0.510145,0.0850242
0.416342,0.497082,0.0904669
0.442512,0.476329,0.0879227
0.45667,0.45667,0.0886076
0.44305,0.48166,0.0801158
0.417636,0.50969,0.0784884
0.411992,0.519342,0.0754352
0.447977,0.467245,0.0895954
0.44227,0.465753,0.0958904
0.444012,0.454722,0.103213
0.44358,0.472763,0.0846304
0.443259,0.477207,0.085354
0.438049,0.48,0.0858537
0.431907,0.493191,0.0807393
0.400387,0.514507,0.0909091
0.437743,0.467899,0.0972763
0.452775,0.468354,0.0827653
0.429791,0.501898,0.0777989
0.402913,0.51068,0.0912621
0.418307,0.491142,0.0915354
0.419386,0.474088,0.106526
0.440465,0.478219,0.0851888
0.432407,0.490892,0.0834132
0.416505,0.470874,0.116505
0.447703,0.474096,0.0791789
0.413827,0.494645,0.0954236
0.459252,0.450623,0.0958773
0.431353,0.49075,0.0817916
0.408341,0.500485,0.0950533
0.443587,0.471553,0.0906461
0.464078,0.465049,0.0737864
0.402899,0.520773,0.0792271
0.438104,0.481625,0.0851064
0.43065,0.489816,0.0834142
0.452242,0.47076,0.0789474
0.434612,0.491642,0.0747296
0.414518,0.511939,0.0792741
0.434018,0.471163,0.0977517
0.426628,0.47619,0.0971817
0.436416,0.477842,0.0905588
0.455969,0.457926,0.0880626
0.451056,0.486564,0.0710173
0.438697,0.482759,0.0842912
0.437561,0.484027,0.0813166
0.404483,0.510721,0.0896686
0.434018,0.477028,0.0909091
0.418041,0.477207,0.109602
0.46124,0.459302,0.0813953
0.432277,0.475504,0.0979827
0.440313,0.462818,0.0978474
0.458733,0.43858,0.106526
0.397087,0.509709,0.0990291
0.425097,0.478599,0.0963035
0.452081,0.461762,0.090029
0.436884,0.480276,0.0857988
0.423484,0.487969,0.0923965
0.443683,0.456415,0.0999021
0.410557,0.492669,0.0997067
0.44294,0.473888,0.0880077
0.445535,0.470069,0.0883219
0.431507,0.488258,0.0831703
0.430087,0.479267,0.0935391
0.411879,0.493671,0.100292
0.410156,0.512695,0.0810547
0.446184,0.465753,0.090998
0.418695,0.491723,0.0934761
0.409884,0.500969,0.0920543
0.438647,0.485024,0.0850242
0.455417,0.455417,0.0939597
0.422671,0.496638,0.0883766
0.443902,0.469268,0.0887805
0.441546,0.476329,0.0879227
0.433237,0.495677,0.079731
0.439497,0.484027,0.0813166
0.413064,0.497598,0.0912584
0.425926,0.474659,0.10039
0.400391,0.524414,0.078125
0.423484,0.47642,0.105871
0.450867,0.453757,0.0992293
0.417722,0.494645,0.0886076
0.435721,0.473013,0.0922473
0.442512,0.464734,0.100483
0.419922,0.489258,0.0908203
0.429808,0.490385,0.0836538
0.433269,0.478723,0.0918762
0.439261,0.493683,0.0728863
0.408915,0.505814,0.0910853
0.413827,0.481986,0.109056
0.448544,0.465049,0.0883495
0.454985,0.465634,0.0803485
0.444985,0.463486,0.0963973
0.410232,0.505792,0.0859073
0.420696,0.500967,0.0831721
0.459903,0.461836,0.0850242
0.437992,0.462598,0.0994094
0.456226,0.457198,0.0885214
0.415131,0.501455,0.085354
0.422819,0.489933,0.0939597
0.423415,0.494634,0.0839024
0.429264,0.488372,0.0872093
0.43738,0.486513,0.0789981
0.432302,0.473888,0.0976789
0.433493,0.487081,0.0842105
0.431599,0.474952,0.0982659
0.416505,0.500971,0.0883495
0.429808,0.482692,0.0913462
0.439922,0.465116,0.0978682
0.413563,0.489971,0.100287
0.427474,0.501441,0.0720461
0.420488,0.501463,0.0839024
0.457447,0.466151,0.082205
0.411361,0.49951,0.0940255
0.426912,0.493708,0.0832527
0.453398,0.469903,0.0854369
0.436837,0.465767,0.103182
0.446602,0.466019,0.0951456
0.415131,0.503395,0.086324
0.437439,0.471387,0.0940834
0.426214,0.473786,0.102913
0.439922,0.472868,0.0988372
0.436715,0.487923,0.0850242
0.427043,0.470817,0.104086
0.408915,0.500969,0.0959302
0.427184,0.479612,0.0961165
0.419355,0.512219,0.0733138
0.43259,0.473327,0.0979631
0.43301,0.468932,0.102913
0.413127,0.510618,0.0781853
0.401951,0.499512,0.103415
0.450389,0.472763,0.0817121
0.430799,0.488304,0.0847953
0.409756,0.507317,0.084878
0.469624,0.452266,0.0838959
0.445959,0.459591,0.097371
0.435421,0.471624,0.0968689
0.439216,0.480392,0.0813725
0.447471,0.478599,0.0787938
0.442829,0.465116,0.0959302
0.43453,0.492726,0.0795344
0.42677,0.488846,0.0902037
0.416912,0.497542,0.086529
0.446394,0.475634,0.0838207
0.438716,0.476654,0.0865759
0.437137,0.468085,0.102515
0.435547,0.470703,0.0957031
0.43677,0.483463,0.0817121
0.471845,0.467961,0.0631068
0.427459,0.49075,0.0895813
0.419261,0.483463,0.098249
0.435374,0.477162,0.0894072
0.425511,0.484907,0.0915287
0.435421,0.481409,0.0861057
0.459981,0.457088,0.0887175
0.427184,0.484466,0.0912621
0.4657,0.467633,0.068599
0.461165,0.453398,0.0873786
0.427194,0.487946,0.0887175
0.456922,0.444337,0.103582
0.421875,0.495117,0.0869141
0.437016,0.477713,0.0901163
0.421002,0.500963,0.0799615
0.429971,0.483839,0.0901077
0.429268,0.48,0.0936585
0.418129,0.490253,0.0935673
0.421206,0.499027,0.0817121
0.420849,0.515444,0.0704633
0.386051,0.506876,0.108055
0.422481,0.472868,0.107558
0.445854,0.459512,0.0985366
0.434868,0.479922,0.0901077
0.434109,0.476744,0.0959302
0.468023,0.459302,0.0765504
0.433654,0.494231,0.0778846
0.419825,0.487852,0.0981535
0.417071,0.483996,0.102813
0.445312,0.46875,0.0878906
0.432353,0.491176,0.0784314
0.417231,0.515973,0.0755082
0.459538,0.460501,0.0867052
0.458654,0.467308,0.0807692
0.435798,0.493191,0.0749027
0.427203,0.497126,0.085249
0.430542,0.472906,0.0975369
0.430355,0.481268,0.0931796
0.421463,0.496585,0.0887805
0.438477,0.472656,0.0917969
0.440117,0.472249,0.090555
0.423679,0.5,0.0792564
0.436346,0.4655,0.100097
0.44,0.482927,0.08
0.445631,0.475728,0.0834951
0.437984,0.460271,0.107558
0.422741,0.488824,0.0932945
0.439765,0.483839,0.0803134
0.408382,0.507797,0.0847953
0.447876,0.472008,0.0849421
0.441205,0.482021,0.0787172
0.444123,0.484586,0.0712909
0.435248,0.49075,0.0769231
0.431507,0.470646,0.103718
0.393555,0.520508,0.0908203
0.433981,0.473786,0.0970874
0.440613,0.479885,0.0833333
0.419669,0.487829,0.0963973
0.42871,0.462658,0.114452
0.439261,0.478134,0.0845481
0.42345,0.510659,0.0717054
0.413527,0.507246,0.0888889
0.412959,0.504836,0.0928433
0.433688,0.490803,0.0822846
0.421905,0.504762,0.0790476
0.444337,0.461762,0.0987415
0.437561,0.47591,0.0884956
0.451707,0.456585,0.0936585
0.424272,0.48835,0.0941748
0.443902,0.485854,0.0712195
0.418041,0.490786,0.0969932
0.459381,0.45648,0.0860735
0.437318,0.464529,0.102041
0.406037,0.518987,0.0817916
0.448177,0.451056,0.103647
0.452404,0.478901,0.0726202
0.422072,0.506292,0.0774443
0.409311,0.514064,0.0814743
0.436523,0.477539,0.0917969
0.436647,0.474659,0.0896686
0.434314,0.490196,0.0764706
0.446809,0.44971,0.10735
0.413424,0.5,0.0914397
0.429695,0.485742,0.0855457
0.454371,0.455331,0.0912584
0.414161,0.499515,0.0892338
0.461762,0.451113,0.0909971
0.420951,0.485936,0.0960233
0.43301,0.498058,0.0728155
0.451801,0.467381,0.083739
0.418057,0.484789,0.0981354
0.429126,0.472816,0.100971
0.414822,0.487969,0.104909
0.415279,0.473066,0.114594
0.449515,0.473786,0.0786408
0.444878,0.460488,0.0965854
0.464775,0.457926,0.0802348
0.436485,0.479465,0.0888252
0.433171,0.484878,0.0858537
0.425511,0.498539,0.0788705
0.449658,0.468231,0.085044
0.408423,0.501469,0.0920666
0.442927,0.478049,0.0819512
0.423664,0.493321,0.0887405
0.445098,0.458824,0.0970588
0.417315,0.490272,0.0963035
0.428571,0.499514,0.0758017
0.439806,0.47767,0.084466
0.447445,0.472517,0.0838959
0.434656,0.474347,0.0958374
0.42233,0.490291,0.0961165
0.420039,0.499037,0.088632
0.443259,0.476237,0.0834142
0.417867,0.487032,0.101825
0.444229,0.476237,0.0824442
0.464147,0.46124,0.0794574
0.45633,0.473013,0.0736016
0.450145,0.487899,0.0638916
0.432195,0.490732,0.0839024
0.42885,0.481481,0.0935673
0.446809,0.468085,0.0889749
0.446911,0.471042,0.0859073
0.435122,0.483902,0.0839024
0.428016,0.495136,0.0846304
0.422507,0.494571,0.082922
0.453668,0.46139,0.0868726
0.42386,0.487876,0.0940834
0.42233,0.476699,0.105825
0.454898,0.457808,0.0911736
0.435673,0.477583,0.0906433
0.430502,0.492278,0.0859073
0.436047,0.491279,0.0736434
0.435577,0.470192,0.0971154
0.430097,0.483495,0.0893204
0.400393,0.491658,0.109912
0.44358,0.472763,0.0865759
0.456564,0.482625,0.0646718
0.432146,0.490857,0.0827719
0.460271,0.46124,0.0843023
0.465686,0.455882,0.0794118
0.42953,0.495686,0.0814957
0.410506,0.494163,0.0992218
0.422522,0.511068,0.0750722
0.442289,0.462658,0.0979631
0.444553,0.48249,0.0787938
0.43298,0.476374,0.0945034
0.418537,0.497561,0.0897561
0.424272,0.472816,0.104854
0.420488,0.498537,0.0829268
0.436715,0.477295,0.0917874
0.436346,0.487852,0.0864917
0.431034,0.503831,0.0737548
0.42289,0.512124,0.0678952
0.41256,0.497585,0.0956522
0.442401,0.484995,0.0774443
0.449568,0.475504,0.079731
0.430368,0.500967,0.0764023
0.428571,0.48105,0.0962099
0.429952,0.489855,0.0850242
0.440039,0.478723,0.0841393
0.433654,0.475962,0.0932692
0.438884,0.484119,0.0779596
0.413894,0.489237,0.0988258
0.436469,0.481086,0.086324
0.424592,0.498559,0.0806916
0.462209,0.458333,0.0852713
0.394352,0.501461,0.106134
0.455954,0.454017,0.0948693
0.446498,0.469844,0.0894942
0.422179,0.485409,0.0992218
0.444337,0.482091,0.0755082
0.411937,0.506849,0.0821918
0.446725,0.471163,0.083089
0.434109,0.476744,0.0930233
0.433237,0.480307,0.0912584
0.428431,0.478431,0.0941176
0.425073,0.501469,0.0783546
0.42345,0.481589,0.101744
0.421053,0.494152,0.0945419
0.4375,0.476562,0.0898438
0.391304,0.522705,0.0888889
0.426513,0.482229,0.092219
0.435421,0.47456,0.092955
0.439689,0.480545,0.0817121
0.448607,0.473583,0.0845341
0.436149,0.489194,0.0785855
0.405825,0.506796,0.0912621
0.42522,0.474096,0.106549
0.451518,0.46621,0.0852106
0.426912,0.490803,0.0871249
0.430097,0.484466,0.0873786
0.450772,0.477799,0.0733591
0.44305,0.455598,0.105212
0.453216,0.461988,0.0877193
0.425819,0.499037,0.0818882
0.422967,0.49378,0.091866
0.427593,0.486301,0.0880626
0.419669,0.487829,0.0963973
0.442623,0.474446,0.0877531
0.445092,0.480078,0.0816327
0.444553,0.47179,0.0904669
0.41068,0.504854,0.0902913
0.447139,0.472357,0.0834142
0.436647,0.476608,0.0935673
0.439689,0.467899,0.0933852
0.427184,0.476699,0.0990291
0.436222,0.486855,0.0778968
0.400196,0.504892,0.0968689
0.416826,0.496176,0.0956023
0.417154,0.503899,0.082846
0.414327,0.512101,0.0764763
0.434236,0.482592,0.0870406
0.437864,0.48932,0.076699
0.417881,0.495627,0.0923226
0.460945,0.464802,0.0800386
0.42345,0.494186,0.0843023
0.434363,0.486486,0.0849421
0.431731,0.479808,0.0942308
0.447471,0.461089,0.0933852
0.435071,0.479621,0.092891
0.400389,0.511176,0.0952381
0.442177,0.467444,0.0942663
0.413295,0.487476,0.101156
0.42304,0.480155,0.103582
0.442197,0.480732,0.0799615
0.39265,0.525145,0.0851064
0.404831,0.503382,0.0985507
0.439922,0.469961,0.0959302
0.456226,0.467899,0.0817121
0.432039,0.47767,0.0951456
0.426923,0.488462,0.0923077
0.410557,0.494624,0.0977517
0.4355,0.476237,0.0921435
0.424272,0.493204,0.092233
0.447036,0.460641,0.0932945
0.436346,0.490768,0.0787172
0.42871,0.469447,0.101843
0.423828,0.482422,0.0947266
0.435203,0.466151,0.101547
0.435248,0.477118,0.090555
0.437259,0.473938,0.0916988
0.458812,0.458812,0.0881226
0.447241,0.469506,0.089061
0.430934,0.483463,0.0894942
0.408163,0.499514,0.0962099
0.460641,0.45967,0.0826045
0.451961,0.47549,0.0764706
0.424976,0.473379,0.106486
0.433171,0.482927,0.0868293
0.455084,0.446199,0.0997038
0.42483,0.474297,0.102813
0.431487,0.471331,0.0971817
0.446394,0.471735,0.0838207
0.437622,0.479532,0.0877193
0.414093,0.496139,0.0936293
0.454813,0.448919,0.0992141
0.440777,0.478641,0.0873786
0.421769,0.503401,0.079689
0.43065,0.488846,0.086324
0.421206,0.484436,0.098249
0.41349,0.493646,0.0957967
0.440546,0.477583,0.082846
0.436098,0.481951,0.0839024
0.410867,0.496663,0.0981888
0.40998,0.497065,0.0958904
0.438343,0.481696,0.0895954
0.431599,0.49711,0.0761079
0.461538,0.444985,0.0963973
0.418288,0.507782,0.0797665
0.399024,0.509268,0.0917073
0.437864,0.48932,0.0796117
0.402697,0.503854,0.0953757
0.426372,0.484119,0.0962464
0.458858,0.453049,0.0939013
0.415784,0.500481,0.0895091
0.430087,0.498554,0.0790743
0.433333,0.472549,0.0970588
0.441205,0.49174,0.0709427
0.42955,0.464775,0.105675
0.420898,0.484375,0.0966797
0.426912,0.480155,0.0987415
0.437622,0.490253,0.0760234
0.421359,0.494175,0.092233
0.428986,0.501449,0.0763285
0.424565,0.48646,0.0928433
0.455598,0.457529,0.0907336
0.432171,0.487403,0.0872093
0.426357,0.487403,0.0901163
0.432749,0.48538,0.0838207
0.45,0.44902,0.103922
0.451018,0.465567,0.085354
0.446169,0.465567,0.0940834
0.398077,0.514423,0.0932692
0.441973,0.46325,0.10058
0.444229,0.460718,0.0979631
0.43095,0.488737,0.0842311
0.430918,0.48599,0.0869565
0.439072,0.471954,0.0918762
0.399029,0.517476,0.0912621
0.429537,0.490347,0.0839768
0.455166,0.471735,0.0750487
0.420849,0.494208,0.0878378
0.446621,0.464251,0.0901077
0.438596,0.482456,0.0838207
0.435078,0.488372,0.0804264
0.423301,0.483495,0.0970874
0.442843,0.470701,0.0912584
0.42439,0.487805,0.0887805
0.42968,0.476237,0.0979631
0.439261,0.485909,0.0758017
0.465049,0.459223,0.0776699
0.44605,0.469171,0.0924855
0.431884,0.476329,0.0937198
0.442401,0.489835,0.0735721
0.411538,0.501923,0.0884615
0.459144,0.455253,0.0924125
0.411423,0.50726,0.0842207
0.452335,0.472763,0.0768482
0.430502,0.477799,0.0994208
0.437378,0.480431,0.0861057
0.434908,0.476374,0.0945034
0.42439,0.48,0.101463
0.440349,0.476237,0.0892338
0.413424,0.502918,0.0894942
0.412051,0.49174,0.0971817
0.419669,0.507303,0.0740019
0.393346,0.498043,0.111546
0.400971,0.517476,0.0883495
0.44477,0.475073,0.0840665
0.452242,0.455166,0.0964912
0.453668,0.46332,0.0888031
0.447674,0.466085,0.0891473
0.407191,0.504373,0.0894072
0.424684,0.477162,0.0991254
0.435468,0.475862,0.0926108
0.437008,0.471457,0.0925197
0.42774,0.489816,0.0843841
0.412281,0.495127,0.0935673
0.407371,0.497575,0.0989331
0.441724,0.458374,0.101861
0.42289,0.501455,0.0805044
0.449515,0.460194,0.0951456
0.444121,0.464529,0.0991254
0.407625,0.504399,0.0909091
0.430368,0.489362,0.0851064
0.461538,0.468354,0.0749757
0.438835,0.463107,0.100971
0.452427,0.450485,0.1
0.42192,0.484966,0.0969932
0.453749,0.465433,0.0895813
0.41068,0.487379,0.103883
0.433981,0.5,0.068932
0.448008,0.463557,0.0932945
0.418945,0.491211,0.0947266
0.444121,0.482021,0.0767736
0.436893,0.458252,0.107767
0.416585,0.494634,0.0926829
0.444231,0.478846,0.0817308
0.442289,0.468477,0.0931135
0.432146,0.483157,0.093359
0.41691,0.490768,0.0962099
0.44358,0.460117,0.098249
0.428988,0.47179,0.103113
0.469148,0.443683,0.0901077
0.448109,0.461688,0.0921435
0.447703,0.458456,0.0948192
0.444015,0.474903,0.0868726
0.426181,0.490157,0.0875984
0.433888,0.472086,0.101861
0.392996,0.508755,0.104086
0.449416,0.469844,0.0836576
0.444874,0.459381,0.098646
0.418537,0.499512,0.0858537
0.43272,0.47241,0.0977735
0.444121,0.467444,0.0932945
0.426758,0.478516,0.0976562
0.417722,0.486855,0.0963973
0.413994,0.511176,0.0816327
0.419167,0.484027,0.0987415
0.427875,0.479532,0.0964912
0.423002,0.491228,0.088694
0.417881,0.496599,0.0884354
0.437743,0.494163,0.0729572
0.42471,0.483591,0.0945946
0.425144,0.49904,0.0796545
0.44868,0.478006,0.0762463
0.440976,0.490732,0.0692683
0.406977,0.493217,0.103682
0.447139,0.460718,0.0931135
0.415058,0.500965,0.0878378
0.423892,0.499037,0.0789981
0.418515,0.495661,0.0887175
0.422819,0.488015,0.096836
0.427317,0.497561,0.0790244
0.421512,0.5,0.0833333
0.424155,0.488889,0.0975845
0.447217,0.465451,0.096929
0.445305,0.473379,0.089061
0.425366,0.491707,0.0887805
0.442085,0.469112,0.0936293
0.428158,0.486017,0.0906461
0.435577,0.470192,0.101923
0.398642,0.509214,0.0969932
0.416023,0.491313,0.0994208
0.454634,0.458537,0.0897561
0.418182,0.492823,0.092823
0.440976,0.468293,0.0917073
0.443696,0.477382,0.0818094
0.4276,0.501458,0.0758017
0.43314,0.474806,0.0968992
0.439528,0.484759,0.0786627
0.43356,0.471387,0.100873
0.420797,0.484937,0.0962099
0.44152,0.461014,0.102339
0.428296,0.487969,0.0914341
0.453321,0.474495,0.0779596
0.429273,0.489194,0.0825147
0.420078,0.476608,0.105263
0.424658,0.491194,0.0880626
0.439189,0.483591,0.0810811
0.413022,0.498542,0.090379
0.391304,0.515942,0.0975845
0.449079,0.475267,0.0795344
0.439189,0.491313,0.0791506
0.45098,0.468627,0.0813725
0.439234,0.477512,0.0861244
0.421722,0.488258,0.0949119
0.425243,0.497087,0.0815534
0.419103,0.494152,0.0925926
0.423152,0.480545,0.100195
0.428296,0.489894,0.0875842
0.425636,0.496086,0.0802348
0.389049,0.524496,0.0960615
0.43457,0.455078,0.111328
0.447937,0.463654,0.089391
0.443269,0.457692,0.101923
0.42192,0.509214,0.0746848
0.449119,0.479452,0.0733855
0.395894,0.511241,0.0977517
0.419729,0.5,0.0851064
0.41315,0.498528,0.0932287
0.430108,0.481916,0.0928641
0.443696,0.469682,0.0923965
0.439883,0.477028,0.086999
0.43666,0.498081,0.0710173
0.417896,0.506391,0.079646
0.433526,0.470135,0.104046
0.432563,0.5,0.0770713
0.428016,0.486381,0.0885214
0.450635,0.460411,0.0899316
0.42192,0.492726,0.086324
0.437622,0.476608,0.0906433
0.448343,0.482456,0.0730994
0.420488,0.49561,0.0878049
0.436416,0.486513,0.083815
0.44358,0.474708,0.0865759
0.424736,0.475551,0.105465
0.416748,0.49075,0.0934761
0.467317,0.432195,0.101463
0.434275,0.489776,0.0808179
0.412451,0.492218,0.0992218
0.414966,0.480078,0.108844
0.431085,0.467253,0.107527
0.42002,0.483808,0.0991168
0.409047,0.506256,0.0895091
0.435701,0.471209,0.096929
0.42549,0.488235,0.0882353
0.400966,0.522705,0.084058
0.44058,0.459903,0.101449
0.443587,0.47541,0.0877531
0.431929,0.503428,0.0666014
0.410506,0.481518,0.110895
0.411197,0.5,0.0916988
0.42192,0.502425,0.0775946
0.439306,0.474952,0.0905588
0.434146,0.477073,0.0907317
0.409836,0.521697,0.075217
0.423152,0.487354,0.094358
0.387033,0.51277,0.100196
0.451302,0.462874,0.0916104
0.429273,0.475442,0.0962672
0.411879,0.49075,0.104187
0.454106,0.461836,0.0898551
0.407407,0.509747,0.0906433
0.433594,0.481445,0.0869141
0.447876,0.465251,0.0926641
0.44971,0.459381,0.0928433
0.418357,0.503382,0.0830918
0.394711,0.508325,0.0989226
0.429406,0.477118,0.0944499
0.450718,0.4689,0.0861244
0.430918,0.48599,0.0898551
0.439765,0.477963,0.08619
0.408301,0.505792,0.0907336
0.46139,0.467181,0.0743243
0.453839,0.461613,0.0874636
0.464802,0.457088,0.0810029
0.437439,0.475267,0.0921435
0.426923,0.466346,0.109615
0.407843,0.505882,0.0882353
0.434615,0.498077,0.0711538
0.460271,0.446705,0.0959302
0.408958,0.496592,0.100292
0.437806,0.477963,0.08619
0.411306,0.503899,0.0906433
0.440233,0.462585,0.102041
0.438766,0.459016,0.10704
0.41165,0.492233,0.0990291
0.419729,0.483559,0.101547
0.429952,0.48599,0.0888889
0.463415,0.442927,0.0956098
0.429122,0.48891,0.0906461
0.44358,0.478599,0.0807393
0.41256,0.478261,0.111111
0.451644,0.474855,0.0793037
0.438529,0.485963,0.0813166
0.43301,0.464078,0.103883
0.43457,0.466797,0.100586
0.449471,0.489894,0.0644851
0.415205,0.488304,0.0994152
0.43973,0.486017,0.0819672
0.423712,0.49757,0.0816327
0.425511,0.481986,0.0944499
0.450772,0.46332,0.0916988
0.419167,0.494676,0.0939013
0.418762,0.497099,0.089942
0.438477,0.478516,0.0869141
0.410784,0.498039,0.0931373
0.431752,0.481123,0.0919652
0.442401,0.481123,0.0784124
0.452703,0.46139,0.0916988
0.39787,0.515973,0.0909971
0.428432,0.472249,0.101266
0.437928,0.478983,0.0879765
0.431184,0.478345,0.093359
0.410331,0.498051,0.0955166
0.450581,0.469961,0.0872093
0.427043,0.488327,0.0865759
0.433654,0.480769,0.0951923
0.44898,0.466472,0.0874636
0.451208,0.4657,0.0869565
0.429952,0.486957,0.0879227
0.435248,0.462512,0.106134
0.425552,0.502402,0.079731
0.46446,0.44888,0.090555
0.418288,0.497082,0.0875486
0.456838,0.457808,0.0892338
0.412621,0.508738,0.0815534
0.434402,0.473275,0.100097
0.439379,0.461688,0.104753
0.457808,0.467507,0.0785645
0.438104,0.46325,0.101547
0.413359,0.484027,0.106486
0.416342,0.494163,0.0933852
0.439614,0.472464,0.0927536
0.457253,0.462056,0.0864553
0.416179,0.493177,0.0916179
0.420488,0.486829,0.0956098
0.424301,0.486982,0.0945034
0.441973,0.491296,0.0715667
0.43301,0.505825,0.0679612
0.453578,0.465184,0.0841393
0.430515,0.503401,0.0709427
0.454371,0.470701,0.0806916
0.423337,0.486982,0.0954677
0.421875,0.483398,0.0996094
0.432195,0.498537,0.0721951
0.411306,0.5,0.0925926
0.451613,0.451613,0.0997067
0.428433,0.481625,0.0947776
0.427203,0.499042,0.0814176
0.437137,0.471954,0.0938104
0.428155,0.497087,0.0786408
0.407588,0.509728,0.0856031
0.432459,0.472303,0.100097
0.436523,0.463867,0.100586
0.42192,0.494665,0.0872939
0.432692,0.494231,0.0769231
0.458937,0.46087,0.0869565
0.431507,0.483366,0.0900196
0.413592,0.495146,0.0932039
0.434109,0.484496,0.0891473
0.445419,0.47271,0.0847953
0.418515,0.483124,0.101254
0.439765,0.477963,0.0842311
0.44477,0.475073,0.085044
0.437016,0.472868,0.0930233
0.426912,0.483059,0.0929332
0.445631,0.476699,0.0854369
0.4258,0.484966,0.0940834
0.443798,0.469961,0.0891473
0.446377,0.471498,0.0850242
0.444981,0.469112,0.0897683
0.434275,0.481986,0.0856865
0.451489,0.464938,0.0893372
0.410331,0.499025,0.0945419
0.426053,0.492654,0.0842311
0.433981,0.48835,0.084466
0.426794,0.492823,0.0832536
0.451675,0.453589,0.0995215
0.452335,0.465953,0.0865759
0.439922,0.48062,0.0852713
0.420345,0.490403,0.0921305
0.441771,0.489894,0.0731473
0.429264,0.471899,0.103682
0.427175,0.497556,0.0791789
0.437743,0.500973,0.0642023
0.441406,0.467773,0.09375
0.450292,0.465887,0.0877193
0.424272,0.500971,0.0786408
0.417457,0.47723,0.107211
0.447646,0.465898,0.092219
0.418269,0.483654,0.101923
0.439261,0.483965,0.0787172
0.445525,0.483463,0.0768482
0.41376,0.503876,0.0852713
0.419417,0.494175,0.0883495
0.434995,0.478006,0.0909091
0.451518,0.462292,0.0891283
0.418357,0.499517,0.0859903
0.446498,0.469844,0.0836576
0.421616,0.48296,0.097371
0.403715,0.508309,0.0928641
0.451801,0.453749,0.0983447
0.426087,0.497585,0.0792271
0.449318,0.47271,0.0779727
0.435468,0.468966,0.0965517
0.436399,0.488258,0.0821918
0.432327,0.47517,0.0944499
0.414397,0.499027,0.0894942
0.437921,0.495669,0.0712223
0.428571,0.499035,0.0791506
0.414327,0.490803,0.0958374
0.42885,0.482456,0.0906433
0.445419,0.465887,0.0925926
0.433171,0.49561,0.075122
0.42607,0.473735,0.105058
0.45967,0.452867,0.0942663
0.45341,0.467819,0.0826129
0.437984,0.463178,0.103682
0.438049,0.46439,0.0985366
0.429268,0.478049,0.0936585
0.446602,0.466019,0.0961165
0.425944,0.490803,0.090029
0.441205,0.48105,0.0845481
0.445092,0.473275,0.0894072
0.44043,0.486328,0.0771484
0.428433,0.480658,0.0928433
0.43272,0.498548,0.0726041
0.435798,0.487354,0.0826848
0.417625,0.507663,0.0823755
0.396078,0.515686,0.0911765
0.425511,0.48296,0.0954236
0.445199,0.469447,0.0911736
0.449416,0.477626,0.0807393
0.44152,0.481481,0.0818713
0.432195,0.477073,0.0946341
0.447876,0.472973,0.0801158
0.399808,0.514861,0.0882071
0.456922,0.468538,0.0793804
0.450867,0.470135,0.083815
0.443259,0.483026,0.0775946
0.430784,0.485963,0.0861568
0.42304,0.486931,0.0939013
0.413462,0.514423,0.0798077
0.457282,0.468932,0.076699
0.425121,0.48599,0.0927536
0.41349,0.488759,0.0997067
0.438647,0.470531,0.0927536
0.409789,0.497121,0.0998081
0.418307,0.489173,0.0944882
0.426357,0.497093,0.0823643
0.416985,0.485687,0.103053
0.414729,0.517442,0.0726744
0.439072,0.485493,0.082205
0.411937,0.507828,0.0851272
0.404602,0.495686,0.104506
0.424976,0.480155,0.0958374
0.440233,0.490768,0.0748299
0.437318,0.463557,0.103984
0.430097,0.500971,0.0718447
0.416748,0.489776,0.097371
0.417954,0.500965,0.0888031
0.422027,0.493177,0.0877193
0.426087,0.489855,0.0898551
0.418919,0.476834,0.109073
0.435374,0.478134,0.0923226
0.439261,0.477162,0.0855199
0.424125,0.494163,0.0856031
0.432039,0.493204,0.0796117
0.431085,0.473118,0.0987292
0.419634,0.501444,0.0866218
0.423077,0.499038,0.0817308
0.443478,0.459903,0.0995169
0.421104,0.481123,0.101646
0.462658,0.455868,0.085354
0.423115,0.495593,0.0822723
0.440777,0.474757,0.0873786
0.435673,0.479532,0.0877193
0.42171,0.490874,0.092219
0.428709,0.496146,0.083815
0.434248,0.485336,0.0879849
0.408696,0.50628,0.0927536
0.448109,0.444229,0.111542
0.408478,0.488439,0.106936
0.438343,0.459538,0.10501
0.422072,0.495644,0.0880929
0.41423,0.493177,0.0984405
0.428991,0.488737,0.0891283
0.410058,0.51354,0.0773694
0.417561,0.508293,0.0790244
0.434402,0.482021,0.0894072
0.437921,0.473532,0.093359
0.425819,0.485549,0.0895954
0.413592,0.5,0.0883495
0.44878,0.463415,0.0887805
0.431184,0.486044,0.0875842
0.412959,0.503868,0.0918762
0.421815,0.486486,0.0955598
0.435847,0.479922,0.0871694
0.453749,0.454722,0.0954236
0.426901,0.483431,0.0925926
0.427875,0.483431,0.0906433
0.420588,0.491176,0.0911765
0.398049,0.519024,0.0887805
0.411423,0.500484,0.0939013
0.430087,0.48216,0.0983607
0.438224,0.475869,0.0916988
0.445087,0.468208,0.0915222
0.463977,0.458213,0.0806916
0.447266,0.475586,0.0800781
0.422631,0.483559,0.0976789
0.429971,0.473066,0.101861
0.421156,0.479922,0.10382
0.401374,0.506379,0.09421
0.431907,0.488327,0.0836576
0.429126,0.487379,0.0864078
0.443793,0.468231,0.0938416
0.442289,0.488846,0.0756547
0.435946,0.483748,0.0869981
0.442495,0.473684,0.0877193
0.423679,0.48728,0.0900196
0.469624,0.44648,0.0877531
0.427889,0.487106,0.0916905
0.429816,0.50242,0.0726041
0.435078,0.473837,0.0968992
0.448109,0.468477,0.0872939
0.436119,0.464938,0.101825
0.418057,0.48577,0.0971541
0.453757,0.454721,0.0944123
0.428019,0.491787,0.0869565
0.40856,0.5,0.0972763
0.443907,0.484526,0.0764023
0.410232,0.501931,0.0936293
0.426053,0.474045,0.101861
0.425097,0.485409,0.0914397
0.445516,0.469624,0.0906461
0.438356,0.479452,0.0870841
0.441973,0.459381,0.106383
0.458252,0.478641,0.0679612
0.440313,0.480431,0.0821918
0.426614,0.492172,0.0870841
0.445507,0.470363,0.0908222
0.419922,0.480469,0.102539
0.447036,0.482993,0.0738581
0.447776,0.473888,0.082205
0.448409,0.473481,0.0800386
0.448343,0.476608,0.079922
0.4355,0.483996,0.0814743
0.437073,0.487805,0.0790244
0.43453,0.485936,0.085354
0.425366,0.493659,0.0858537
0.413022,0.505345,0.0845481
0.410853,0.515504,0.0775194
0.433594,0.475586,0.0947266
0.413994,0.489796,0.101069
0.444121,0.458698,0.0991254
0.442829,0.477713,0.0833333
0.440117,0.461538,0.104187
0.454633,0.472973,0.0791506
0.407805,0.506341,0.0946341
0.42788,0.484027,0.090029
0.433493,0.49378,0.077512
0.440233,0.472303,0.0923226
0.44305,0.458494,0.101351
0.419512,0.496585,0.0887805
0.445081,0.464183,0.100287
0.438169,0.472249,0.0954236
0.438716,0.48249,0.0817121
0.412916,0.505871,0.0851272
0.424565,0.5,0.0793037
0.448077,0.455769,0.100962
0.435283,0.480345,0.0882071
0.432327,0.473223,0.0963973
0.457031,0.458008,0.0878906
0.420345,0.487524,0.0950096
0.423152,0.465953,0.110895
0.432146,0.478345,0.0981713
0.42788,0.46757,0.106486
0.440276,0.474827,0.0848963
0.420136,0.49274,0.0880929
0.4276,0.480078,0.0981535
0.44058,0.476329,0.0859903
0.435248,0.472249,0.0954236
0.428158,0.484089,0.0925747
0.409135,0.517007,0.0777454
0.432617,0.481445,0.0878906
0.432015,0.472517,0.0983607
0.429122,0.48216,0.0945034
0.423265,0.472141,0.108504
0.428158,0.500482,0.0761813
0.442308,0.474038,0.0903846
0.410506,0.511673,0.0826848
0.431467,0.476834,0.100386
0.416263,0.478219,0.112294
0.432277,0.474544,0.101825
0.407588,0.501946,0.094358
0.449854,0.479065,0.0759494
0.428296,0.484119,0.0943215
0.412221,0.510184,0.0824442
0.448544,0.461165,0.0932039
0.434363,0.5,0.0704633
0.428016,0.475681,0.10214
0.444337,0.461762,0.0968054
0.438169,0.470302,0.0963973
0.434783,0.485024,0.084058
0.41165,0.51068,0.0815534
0.451076,0.456947,0.092955
0.466019,0.440777,0.0961165
0.412391,0.504356,0.0871249
0.424447,0.463908,0.116458
0.4148,0.507303,0.0798442
0.432879,0.477626,0.0924125
0.446169,0.460718,0.0950533
0.418447,0.479612,0.103883
0.41256,0.501449,0.0898551
0.440744,0.490695,0.0754163
0.4148,0.492697,0.0963973
0.445736,0.454457,0.0998062
0.460501,0.457611,0.0847784
0.426087,0.46087,0.114976
0.42386,0.478177,0.0979631
0.432302,0.491296,0.0831721
0.410281,0.496605,0.0969932
0.434275,0.486855,0.0847128
0.444874,0.476789,0.0802708
0.436592,0.484995,0.0822846
0.409403,0.497551,0.0950049
0.468538,0.445305,0.090029
0.450732,0.473171,0.0790244
0.422631,0.492263,0.0889749
0.434402,0.468416,0.103013
0.416507,0.479846,0.106526
0.423301,0.496117,0.0902913
0.431774,0.483431,0.0877193
0.420898,0.477539,0.105469
0.41683,0.496086,0.0919765
0.43272,0.489835,0.0861568
0.43617,0.474855,0.0909091
0.420951,0.491756,0.0892338
0.44152,0.47076,0.0925926
0.459748,0.474297,0.0727449
0.452335,0.466926,0.0836576
0.430636,0.479769,0.0963391
0.440465,0.476283,0.0880929
0.420898,0.50293,0.0810547
0.445312,0.477539,0.0791016
0.434146,0.482927,0.0858537
0.428019,0.484058,0.0937198
0.420444,0.513018,0.0781099
0.43038,0.484907,0.0876339
0.420488,0.484878,0.097561
0.429672,0.491329,0.083815
0.441205,0.456754,0.1069
0.437561,0.489835,0.0774443
0.423152,0.4893,0.0904669
0.42345,0.494186,0.0843023
0.407767,0.481553,0.11165
0.43858,0.472169,0.0940499
0.442289,0.476237,0.086324
0.430528,0.485323,0.0861057
0.439922,0.471899,0.0920543
0.410281,0.509214,0.0834142
0.406796,0.503883,0.0941748
0.420488,0.481951,0.101463
0.431641,0.504883,0.0722656
0.427875,0.487329,0.0867446
0.41537,0.503891,0.0836576
0.425121,0.485024,0.0985507
0.419011,0.489816,0.100873
0.428988,0.483463,0.0904669
0.389372,0.52657,0.0888889
0.410455,0.487899,0.103582
0.423265,0.496579,0.086999
0.437928,0.473118,0.0909091
0.459223,0.46699,0.0805825
0.416992,0.492188,0.0917969
0.418041,0.508244,0.0766246
0.410557,0.514174,0.0772239
0.423564,0.493671,0.0856865
0.443478,0.469565,0.0908213
0.425656,0.500486,0.0826045
0.426485,0.479065,0.0983447
0.430244,0.494634,0.0809756
0.426341,0.48878,0.0878049
0.442289,0.473327,0.0882638
0.427203,0.478927,0.0967433
0.419729,0.484526,0.0996132
0.449559,0.464251,0.0891283
0.401157,0.509161,0.0945034
0.439647,0.473013,0.0902846
0.42278,0.47973,0.0984556
0.448343,0.471735,0.082846
0.417154,0.491228,0.0964912
0.453668,0.467181,0.0839768
0.427459,0.498539,0.0788705
0.453398,0.465049,0.0873786
0.433852,0.490272,0.0787938
0.424008,0.488867,0.0929332
0.427175,0.485826,0.0909091
0.420136,0.501452,0.0832527
0.427613,0.488974,0.0901246
0.444553,0.487354,0.0710117
0.449219,0.463867,0.0888672
0.425656,0.485909,0.090379
0.45614,0.45809,0.0925926
0.443804,0.478386,0.0826129
0.404669,0.507782,0.0894942
0.425409,0.47257,0.106833
0.439497,0.478219,0.0871249
0.404878,0.51122,0.0858537
0.453668,0.466216,0.0839768
0.442607,0.475681,0.0836576
0.416505,0.485437,0.100971
0.44112,0.455598,0.108108
0.444553,0.474708,0.0836576
0.427885,0.496154,0.0836538
0.42788,0.470474,0.103582
0.447139,0.473327,0.0805044
0.457644,0.445959,0.097371
0.443149,0.474247,0.0835763
0.45183,0.465318,0.0857418
0.432821,0.479846,0.0902111
0.43453,0.470417,0.101843
0.431467,0.486486,0.0849421
0.438477,0.466797,0.0986328
0.421512,0.498062,0.0813953
0.447036,0.475219,0.0835763
0.420332,0.490714,0.0948192
0.431068,0.481553,0.0893204
0.448309,0.47343,0.084058
0.432039,0.466019,0.104854
0.444767,0.456395,0.0998062
0.443378,0.482726,0.0815739
0.431774,0.481481,0.0916179
0.462136,0.465049,0.076699
0.421206,0.498054,0.0836576
0.441883,0.462056,0.0989433
0.401932,0.516908,0.0850242
0.430515,0.489796,0.0845481
0.421256,0.502415,0.084058
0.429412,0.482353,0.0892157
0.417476,0.496117,0.092233
0.416747,0.489894,0.0952839
0.44186,0.466085,0.0949612
0.437073,0.468293,0.0985366
0.420951,0.489816,0.0950533
0.441205,0.484937,0.0767736
0.422967,0.507177,0.0755981
0.442718,0.462136,0.0980583
0.415622,0.501446,0.0935391
0.419479,0.481196,0.102218
0.437622,0.47271,0.0916179
0.443249,0.473581,0.0880626
0.429816,0.485963,0.0919652
0.426782,0.489403,0.0857418
0.410107,0.483965,0.111759
0.413191,0.489816,0.0989331
0.44605,0.471098,0.0867052
0.420797,0.487852,0.0932945
0.442703,0.46621,0.093046
0.431884,0.464734,0.105314
0.430515,0.49757,0.0758017
0.443689,0.475728,0.084466
0.417476,0.484466,0.0990291
0.4355,0.467507,0.100873
0.466407,0.452775,0.0886076
0.447241,0.478219,0.0755082
0.424272,0.486408,0.092233
0.442927,0.462439,0.102439
0.453757,0.465318,0.0847784
0.415222,0.506744,0.0847784
0.442085,0.472008,0.0907336
0.458937,0.463768,0.0811594
0.432432,0.490347,0.0839768
0.453668,0.472973,0.0772201
0.413527,0.50628,0.0859903
0.430108,0.479961,0.0948192
0.448409,0.473481,0.0810029
0.446169,0.485936,0.071775
0.442733,0.481232,0.0798845
0.4108,0.499518,0.096432
0.409135,0.51312,0.0845481
0.431731,0.482692,0.0875
0.449177,0.464666,0.0871249
0.433594,0.483398,0.0839844
0.424565,0.479691,0.0996132
0.44086,0.470186,0.0928641
0.40411,0.500978,0.0968689
0.42345,0.476744,0.102713
0.424565,0.481625,0.098646
0.44316,0.484586,0.0770713
0.431316,0.48415,0.0912584
0.428155,0.5,0.076699
0.457282,0.448544,0.0961165
0.430934,0.499027,0.0768482
0.419942,0.499521,0.0862895
0.464844,0.445312,0.0908203
0.440891,0.46124,0.102713
0.418695,0.476144,0.107108
0.415547,0.50096,0.0873321
0.422397,0.483301,0.100196
0.393939,0.532747,0.0752688
0.436469,0.477207,0.0911736
0.428158,0.501446,0.0761813
0.425781,0.492188,0.0839844
0.458778,0.457808,0.085354
0.40958,0.503421,0.0879765
0.403101,0.511628,0.0910853
0.419261,0.494163,0.0894942
0.420192,0.482692,0.1
0.456947,0.46184,0.0831703
0.434951,0.482524,0.0873786
0.44058,0.47343,0.0917874
0.434146,0.48,0.0907317
0.441634,0.488327,0.0758755
0.443461,0.473943,0.0924287
0.436592,0.484995,0.0851888
0.438169,0.472249,0.0925024
0.411591,0.499018,0.0903733
0.43762,0.481766,0.0825336
0.416505,0.494175,0.0912621
0.438343,0.471098,0.0992293
0.444015,0.471042,0.0868726
0.45183,0.44316,0.106936
0.413926,0.485493,0.102515
0.445736,0.475775,0.0833333
0.424565,0.48646,0.0947776
0.452632,0.448804,0.103349
0.437743,0.478599,0.0865759
0.461988,0.461988,0.0779727
0.416101,0.488846,0.099903
0.425073,0.485798,0.0891283
0.409091,0.503868,0.0889749
0.450962,0.476923,0.0778846
0.377081,0.541626,0.0871694
0.424976,0.487899,0.0909971
0.435078,0.475775,0.0901163
0.443907,0.472921,0.0889749
0.435847,0.484819,0.079334
0.45789,0.469506,0.0774443
0.424976,0.49758,0.0813166
0.445419,0.474659,0.0838207
0.430108,0.476051,0.0967742
0.421415,0.490177,0.0913556
0.431034,0.48659,0.0900383
0.429825,0.483431,0.0935673
0.386783,0.517007,0.0981535
0.419765,0.490215,0.0919765
0.435922,0.476699,0.092233
0.425781,0.492188,0.0820312
0.419669,0.488802,0.097371
0.405014,0.506268,0.096432
0.457971,0.458937,0.084058
0.407625,0.497556,0.0987292
0.426758,0.496094,0.0791016
0.44,0.480976,0.0839024
0.437984,0.473837,0.0930233
0.425511,0.497566,0.0788705
0.444553,0.45428,0.101167
0.466732,0.437378,0.0978474
0.442064,0.460565,0.0993184
0.425656,0.49174,0.0855199
0.433723,0.482456,0.08577
0.447266,0.476562,0.0791016
0.42439,0.484878,0.0936585
0.432485,0.478474,0.0900196
0.420233,0.491245,0.0894942
0.417954,0.494208,0.0878378
0.436098,0.498537,0.0663415
0.424658,0.482387,0.0949119
0.427466,0.488395,0.0860735
0.446498,0.445525,0.110895
0.412221,0.500485,0.0950533
0.441609,0.468106,0.0932287
0.43259,0.458778,0.113482
0.441292,0.459883,0.0998043
0.399414,0.501953,0.103516
0.409932,0.499513,0.0944499
0.409091,0.499033,0.0928433
0.4294,0.477756,0.0947776
0.41068,0.506796,0.0893204
0.434951,0.479612,0.0902913
0.439497,0.468538,0.0958374
0.418288,0.490272,0.0933852
0.434402,0.474247,0.0942663
0.432171,0.484496,0.0852713
0.435798,0.497082,0.0749027
0.437743,0.476654,0.0865759
0.454634,0.472195,0.0741463
0.43065,0.470417,0.100873
0.441319,0.483026,0.0775946
0.438953,0.482558,0.0823643
0.392271,0.525604,0.0859903
0.454545,0.470186,0.0762463
0.419981,0.497575,0.0843841
0.4294,0.479691,0.0947776
0.441634,0.478599,0.0836576
0.42623,0.499518,0.0781099
0.44648,0.473481,0.0810029
0.410506,0.5107,0.0856031
0.418605,0.495155,0.0901163
0.431752,0.489835,0.0842207
0.435421,0.470646,0.0958904
0.467961,0.459223,0.0757282
0.419167,0.494676,0.0919652
0.409756,0.498537,0.0936585
0.414093,0.497104,0.0926641
0.451613,0.461101,0.0891841
0.419574,0.477713,0.104651
0.420136,0.493708,0.0919652
0.417636,0.499031,0.0862403
0.423712,0.490768,0.0874636
0.427459,0.48296,0.0925024
0.445736,0.469961,0.0881783
0.415698,0.504845,0.0862403
0.423077,0.482692,0.0971154
0.425762,0.478859,0.0963618
0.433628,0.466077,0.103245
0.428711,0.479492,0.0957031
0.439072,0.470019,0.0938104
0.414062,0.496094,0.0917969
0.432146,0.487969,0.0846968
0.427326,0.500969,0.0784884
0.44898,0.463557,0.0913508
0.42439,0.492683,0.0839024
0.406067,0.511742,0.0841487
0.440891,0.474806,0.0920543
0.46087,0.470531,0.0753623
0.468231,0.453568,0.083089
0.426641,0.492278,0.0897683
0.435873,0.486017,0.0800386
0.405854,0.500488,0.100488
0.41691,0.47619,0.108844
0.445087,0.488439,0.0770713
0.423188,0.491787,0.0898551
0.418672,0.504331,0.080847
0.432512,0.49064,0.0778325
0.431641,0.473633,0.0966797
0.426614,0.485323,0.0919765
0.438835,0.478641,0.0864078
0.448109,0.468477,0.085354
0.415534,0.499029,0.0893204
0.438766,0.469624,0.0925747
0.40958,0.490714,0.101662
0.409884,0.504845,0.0862403
0.438953,0.473837,0.0901163
0.435034,0.482194,0.0875842
0.4294,0.495164,0.0802708
0.42171,0.492795,0.0883766
0.432327,0.495618,0.0740019
0.446273,0.482091,0.0755082
0.432171,0.483527,0.0891473
0.420643,0.497566,0.0856865
0.424976,0.482091,0.0968054
0.446911,0.469112,0.0888031
0.45614,0.469786,0.0750487
0.417561,0.486829,0.0965854
0.435421,0.473581,0.0919765
0.41068,0.505825,0.0854369
0.428711,0.489258,0.0830078
0.421663,0.48646,0.0918762
0.410732,0.503415,0.0897561
0.431202,0.491279,0.0872093
0.402913,0.501942,0.0990291
0.437378,0.46771,0.0988258
0.419011,0.497575,0.0872939
0.427459,0.495618,0.0817916
0.424565,0.490329,0.0880077
0.391431,0.519961,0.0895813
0.439143,0.478092,0.083739
0.433759,0.473994,0.09421
0.449612,0.464147,0.0901163
0.433301,0.491723,0.0817916
0.424242,0.488759,0.0918866
0.424447,0.479307,0.102984
0.459512,0.463415,0.0839024
0.426901,0.467836,0.107212
0.433723,0.47076,0.10039
0.418787,0.479452,0.103718
0.43162,0.493695,0.0795344
0.408958,0.489776,0.104187
0.433431,0.484937,0.0845481
0.426912,0.479187,0.0997096
0.420039,0.496146,0.0876686
0.402132,0.506783,0.0930233
0.437259,0.484556,0.0820463
0.42278,0.477799,0.105212
0.456123,0.458052,0.0935391
0.448309,0.463768,0.0908213
0.436538,0.480769,0.0865385
0.419167,0.506292,0.0793804
0.421359,0.48932,0.0932039
0.439883,0.472141,0.0899316
0.441748,0.479612,0.0825243
0.405014,0.508197,0.0945034
0.423077,0.498077,0.0855769
0.438169,0.492697,0.0778968
0.445631,0.476699,0.0834951
0.427063,0.494242,0.0863724
0.432171,0.496124,0.0726744
0.461095,0.45245,0.0883766
0.409091,0.51354,0.0802708
0.445642,0.463271,0.0940255
0.44466,0.463107,0.0951456
0.435294,0.483333,0.0862745
0.433237,0.477426,0.102786
0.399417,0.507289,0.0971817
0.437439,0.473327,0.0921435
0.45619,0.454286,0.0980952
0.425636,0.479452,0.0968689
0.458698,0.451895,0.0923226
0.444553,0.478901,0.0794897
0.427184,0.479612,0.100971
0.430515,0.466472,0.108844
0.46872,0.441771,0.093359
0.435034,0.475457,0.0923965
0.42483,0.478177,0.100873
0.4276,0.484937,0.0884354
0.418605,0.505814,0.0794574
0.414132,0.499509,0.0893032
0.452081,0.470474,0.0842207
0.413859,0.512031,0.080847
0.442718,0.465049,0.0951456
0.454722,0.454722,0.0934761
0.426485,0.488802,0.090555
0.429688,0.479492,0.0947266
0.450581,0.481589,0.0736434
0.396501,0.521866,0.0864917
0.433723,0.486355,0.0838207
0.441319,0.477207,0.0892338
0.422222,0.475362,0.107246
0.412162,0.509653,0.0830116
0.402534,0.501949,0.101365
0.41691,0.495627,0.090379
0.422072,0.508228,0.0745402
0.416179,0.507797,0.0808967
0.41165,0.490291,0.104854
0.42871,0.485936,0.0902037
0.447059,0.457843,0.0970588
0.449854,0.46446,0.0895813
0.417315,0.500973,0.0856031
0.431487,0.48688,0.0855199
0.420744,0.506849,0.0782779
0.447776,0.46325,0.0938104
0.433398,0.48166,0.0897683
0.427593,0.492172,0.0831703
0.405979,0.504339,0.0945034
0.432879,0.495136,0.0749027
0.419011,0.491756,0.0931135
0.414538,0.48723,0.101179
0.444019,0.472727,0.0899522
0.435034,0.481232,0.0866218
0.425287,0.495211,0.0890805
0.42955,0.481409,0.090998
0.436346,0.479106,0.0884354
0.42607,0.484436,0.0963035
0.449373,0.473481,0.0838959
0.422631,0.48646,0.0957447
0.433171,0.470244,0.0985366
0.420136,0.508228,0.0774443
0.420432,0.501965,0.0805501
0.438786,0.474045,0.093046
0.417308,0.5,0.0923077
0.420744,0.490215,0.092955
0.443249,0.486301,0.0753425
0.43453,0.497575,0.070805
0.427194,0.476374,0.103182
0.431202,0.500969,0.0707364
0.415774,0.48296,0.105161
0.436047,0.482558,0.0852713
0.428293,0.490732,0.0839024
0.429122,0.48216,0.0925747
0.419669,0.494645,0.0886076
0.432015,0.473481,0.104147
0.416016,0.498047,0.0888672
0.423337,0.497589,0.0829315
0.441346,0.477885,0.0855769
0.410732,0.498537,0.0946341
0.439806,0.471845,0.0912621
0.427326,0.479651,0.0959302
0.472921,0.454545,0.073501
0.455969,0.468689,0.0792564
0.4476,0.46621,0.08619
0.414327,0.499516,0.0919652
0.401961,0.516667,0.0833333
0.405797,0.499517,0.0985507
0.430368,0.487427,0.0841393
0.454985,0.464666,0.0851888
0.430087,0.491803,0.0858245
0.416179,0.483431,0.104288
0.438716,0.481518,0.0836576
0.445841,0.470986,0.0841393
0.440385,0.485577,0.0807692
0.411133,0.5,0.0917969
0.410732,0.502439,0.0907317
0.407588,0.503891,0.0924125
0.434995,0.477028,0.0899316
0.405014,0.510125,0.0906461
0.434185,0.477407,0.089391
0.414873,0.492172,0.0949119
0.435847,0.476004,0.0910872
0.40622,0.504373,0.0942663
0.413859,0.510106,0.0798845
0.428295,0.5,0.0755814
0.394917,0.517107,0.0928641
0.439306,0.489403,0.0828516
0.435798,0.475681,0.0914397
0.414946,0.494592,0.0914454
0.413859,0.499519,0.0914341
0.438905,0.463343,0.101662
0.426628,0.468416,0.107872
0.43304,0.491691,0.0762463
0.439922,0.468023,0.0959302
0.435078,0.471899,0.0959302
0.415459,0.524638,0.0666667
0.431068,0.494175,0.076699
0.395146,0.509709,0.102913
0.417782,0.476099,0.111855
0.419574,0.491279,0.0920543
0.440976,0.473171,0.0907317
0.416585,0.497561,0.0887805
0.442326,0.476644,0.085796
0.40918,0.505859,0.0917969
0.434442,0.479452,0.0919765
0.426499,0.496132,0.0812379
0.4375,0.485352,0.0800781
0.430233,0.48062,0.0949612
0.432432,0.475869,0.0955598
0.471716,0.455417,0.0786194
0.426357,0.479651,0.0968992
0.423484,0.502406,0.078922
0.453757,0.475915,0.0741811
0.469208,0.44868,0.083089
0.417071,0.489816,0.0969932
0.442177,0.483965,0.0748299
0.438235,0.455882,0.106863
0.442289,0.461688,0.0989331
0.435624,0.468538,0.102614
0.405039,0.505814,0.0910853
0.455684,0.465318,0.083815
0.434018,0.476051,0.0948192
0.431085,0.466276,0.102639
0.451018,0.463628,0.0931135
0.414822,0.493744,0.0972089
0.421965,0.493256,0.088632
0.425366,0.49561,0.08
0.40613,0.51341,0.085249
0.490253,0.421053,0.0916179
0.430934,0.469844,0.10214
0.437073,0.484878,0.0819512
0.389105,0.524319,0.0894942
0.402332,0.511176,0.0923226
0.436222,0.478092,0.0895813
0.416585,0.49561,0.0907317
0.421359,0.474757,0.108738
0.458537,0.469268,0.0741463
0.428988,0.487354,0.0875486
0.464734,0.443478,0.0966184
0.44858,0.462292,0.093046
0.42278,0.504826,0.0820463
0.427194,0.477338,0.0954677
0.408478,0.479769,0.111753
0.43301,0.47767,0.0912621
0.41561,0.490732,0.097561
0.440465,0.481123,0.0832527
0.455769,0.472115,0.0807692
0.433398,0.48166,0.0878378
0.439453,0.460938,0.104492
0.462439,0.453659,0.0887805
0.399618,0.512428,0.0946463
0.414327,0.49274,0.0939013
0.426485,0.491723,0.0827653
0.42787,0.476938,0.0971541
0.427593,0.480431,0.0958904
0.44112,0.472008,0.0926641
0.407157,0.504836,0.0918762
0.400588,0.502449,0.0999021
0.417076,0.497547,0.0863592
0.429961,0.459144,0.111868
0.412835,0.482759,0.111111
0.422115,0.483654,0.0990385
0.443038,0.477118,0.0847128
0.417476,0.496117,0.0893204
0.439335,0.463796,0.0998043
0.44532,0.470936,0.0857143
0.414563,0.499029,0.0893204
0.437259,0.489382,0.0810811
0.425121,0.489855,0.0859903
0.438697,0.482759,0.0814176
0.438884,0.487007,0.078922
0.440465,0.481123,0.0832527
0.455954,0.466602,0.0832527
0.433944,0.486982,0.0829315
0.440154,0.46139,0.102317
0.430502,0.472008,0.100386
0.432909,0.493634,0.0773751
0.438169,0.479065,0.083739
0.411823,0.505419,0.0837438
0.400778,0.512646,0.0875486
0.437378,0.477495,0.090998
0.436647,0.496101,0.0721248
0.441091,0.47517,0.0886076
0.403883,0.491262,0.109709
0.412729,0.513983,0.0781099
0.419261,0.485409,0.098249
0.42968,0.471387,0.104753
0.437196,0.489776,0.0769231
0.450867,0.489403,0.0655106
0.418447,0.495146,0.0941748
0.428295,0.492248,0.0843023
0.44894,0.461464,0.0982659
0.421616,0.485881,0.0954236
0.425532,0.481625,0.0967118
0.449373,0.465767,0.0906461
0.423679,0.494129,0.0831703
0.437259,0.485521,0.0820463
0.422027,0.484405,0.0964912
0.437681,0.462802,0.104348
0.458213,0.443804,0.101825
0.483026,0.437439,0.0834142
0.423337,0.489875,0.0896818
0.424926,0.490677,0.0883219
0.427175,0.482893,0.0948192
0.431202,0.477713,0.0949612
0.431774,0.475634,0.0974659
0.438905,0.469208,0.0938416
0.399221,0.516066,0.0915287
0.437318,0.482993,0.0816327
0.420696,0.497099,0.0870406
0.426889,0.482826,0.0902846
0.434236,0.485493,0.0851064
0.422741,0.487852,0.0913508
0.43416,0.487595,0.0820611
0.425073,0.494613,0.0822723
0.414563,0.504854,0.0873786
0.438395,0.493792,0.0725883
0.419922,0.493164,0.0908203
0.442843,0.486071,0.0739673
0.40444,0.502896,0.0955598
0.417225,0.495694,0.0909091
0.427459,0.47517,0.0983447
0.425511,0.493671,0.0847128
0.421206,0.498054,0.0865759
0.454457,0.471899,0.0765504
0.43095,0.478942,0.0910872
0.458778,0.473327,0.0727449
0.441319,0.469447,0.0940834
0.44466,0.463107,0.0980583
0.459144,0.456226,0.0865759
0.431487,0.485909,0.0864917
0.428158,0.489875,0.0877531
0.427619,0.501905,0.0761905
0.424155,0.498551,0.0821256
0.438766,0.464802,0.0983607
0.428158,0.492768,0.0877531
0.450145,0.461762,0.0909971
0.461914,0.464844,0.0761719
0.419512,0.491707,0.0926829
0.403865,0.514976,0.0879227
0.43829,0.483965,0.0806608
0.438953,0.479651,0.0833333
0.436893,0.498058,0.068932
0.435673,0.464912,0.102339
0.411822,0.483527,0.10562
0.418515,0.490839,0.0983607
0.4143,0.497551,0.0910872
0.442607,0.468872,0.0924125
0.437928,0.488759,0.0762463
0.423115,0.478942,0.101861
0.460945,0.460945,0.0829315
0.417154,0.490253,0.0935673
0.398256,0.494186,0.110465
0.434018,0.476051,0.0957967
0.425511,0.488802,0.0876339
0.401932,0.508213,0.0937198
0.423484,0.495669,0.0856593
0.434825,0.485409,0.0856031
0.465025,0.46798,0.070936
0.43272,0.473379,0.0958374
0.459223,0.461165,0.0825243
0.421053,0.502924,0.0789474
0.434866,0.477969,0.0900383
0.42968,0.483996,0.0892338
0.431034,0.476054,0.0977011
0.405642,0.495136,0.101167
0.421769,0.501458,0.0816327
0.434402,0.473275,0.0942663
0.415039,0.504883,0.0810547
0.430515,0.477162,0.0971817
0.412621,0.507767,0.0864078
0.438104,0.482592,0.082205
0.419825,0.467444,0.116618
0.425511,0.472249,0.107108
0.452683,0.468293,0.084878
0.427194,0.490839,0.0887175
0.428986,0.476329,0.0985507
0.400194,0.504845,0.0998062
0.437439,0.486906,0.0805044
0.46757,0.447241,0.0861568
0.437921,0.477382,0.0885467
0.427194,0.478303,0.099325
0.418537,0.491707,0.0926829
0.441233,0.477842,0.0876686
0.442829,0.487403,0.0736434
0.438596,0.489279,0.0740741
0.444552,0.476374,0.0829315
0.42955,0.486301,0.0890411
0.441006,0.482592,0.082205
0.40405,0.514947,0.0838959
0.474609,0.453125,0.0742188
0.440661,0.490272,0.0729572
0.435034,0.483157,0.0866218
0.44894,0.458574,0.0982659
0.42607,0.483463,0.0924125
0.436047,0.483527,0.0833333
0.439189,0.475869,0.0888031
0.429126,0.48932,0.0834951
0.4143,0.491675,0.0979432
0.438224,0.485521,0.0820463
0.391051,0.498054,0.113813
0.414093,0.490347,0.0984556
0.413255,0.500975,0.0896686
0.408163,0.505345,0.090379
0.419884,0.48166,0.106178
0.419574,0.498062,0.0852713
0.453307,0.459144,0.0904669
0.422749,0.501422,0.0862559
0.418672,0.486044,0.0962464
0.449373,0.463838,0.0925747
0.431487,0.474247,0.0991254
0.464529,0.447036,0.0923226
0.452794,0.471098,0.083815
0.427451,0.47549,0.0980392
0.418112,0.493256,0.0953757
0.462945,0.450433,0.0914341
0.437137,0.472921,0.0957447
0.429412,0.464706,0.108824
0.458008,0.450195,0.0986328
0.431085,0.481916,0.0909091
0.425676,0.498069,0.0820463
0.43122,0.489756,0.0839024
0.438596,0.462963,0.103314
0.432617,0.487305,0.0830078
0.40444,0.497104,0.0994208
0.419011,0.511154,0.0766246
0.417154,0.503899,0.0808967
0.448276,0.47318,0.0842912
0.438529,0.46273,0.10455
0.416748,0.497566,0.0866602
0.438356,0.469667,0.0958904
0.442197,0.469171,0.0934489
0.417722,0.500487,0.0866602
0.42483,0.491756,0.0921435
0.43065,0.483996,0.0902037
0.410455,0.500484,0.090029
0.427317,0.48878,0.0878049
0.430392,0.471569,0.1
0.418537,0.480976,0.102439
0.413022,0.509232,0.0826045
0.393678,0.534483,0.0804598
0.412791,0.495155,0.0949612
0.427593,0.492172,0.0802348
0.432146,0.487007,0.0846968
0.420901,0.513902,0.0699904
0.43829,0.477162,0.0884354
0.438786,0.473066,0.0901077
0.386033,0.510184,0.112512
0.428711,0.485352,0.0888672
0.433888,0.474045,0.0950049
0.410506,0.503891,0.0953307
0.4355,0.491756,0.0785645
0.415222,0.493256,0.0973025
0.438104,0.48646,0.0860735
0.429961,0.478599,0.0933852
0.444444,0.46087,0.0985507
0.407551,0.508228,0.0880929
0.414062,0.500977,0.0878906
0.415534,0.484466,0.102913
0.417238,0.493634,0.0940255
0.414258,0.493256,0.0944123
0.432821,0.498081,0.0758157
0.441724,0.464251,0.0959843
0.418919,0.496139,0.0878378
0.442177,0.47619,0.0826045
0.425926,0.471735,0.107212
0.425511,0.47517,0.101266
0.448209,0.47241,0.0842207
0.423225,0.486564,0.0940499
0.446933,0.47517,0.0817916
0.411361,0.502449,0.0881489
0.41537,0.484436,0.10214
0.419981,0.488846,0.0911736
0.442495,0.467836,0.0925926
0.461312,0.442703,0.0969638
0.419574,0.489341,0.0968992
0.426912,0.476283,0.10455
0.39499,0.519268,0.0876686
0.380721,0.512171,0.107108
0.429126,0.482524,0.092233
0.429537,0.480695,0.0897683
0.42623,0.476374,0.099325
0.430515,0.490768,0.0835763
0.41165,0.48835,0.103883
0.423188,0.487923,0.0917874
0.418537,0.499512,0.0868293
0.447471,0.478599,0.077821
0.424736,0.473634,0.108341
0.461762,0.460794,0.0793804
0.431202,0.483527,0.0891473
0.433981,0.500971,0.068932
0.397274,0.508277,0.097371
0.461988,0.457115,0.08577
0.450292,0.461014,0.0925926
0.457926,0.455969,0.0870841
0.412853,0.49075,0.0993184
0.416992,0.489258,0.0947266
0.452081,0.46757,0.0851888
0.44347,0.478558,0.0808967
0.431238,0.473477,0.0962672
0.422027,0.492203,0.0906433
0.42607,0.5,0.0826848
0.427746,0.488439,0.0953757
0.402132,0.506783,0.0959302
0.4294,0.477756,0.0967118
0.428848,0.484995,0.0919652
0.426386,0.474187,0.106119
0.422372,0.514947,0.0684667
0.431335,0.477756,0.0938104
0.427875,0.477583,0.0945419
0.412331,0.500963,0.0915222
0.419574,0.489341,0.0930233
0.435673,0.47271,0.0964912
0.40856,0.501946,0.0904669
0.416747,0.491819,0.102021
0.410906,0.496592,0.0963973
0.429952,0.489855,0.084058
0.404669,0.504864,0.094358
0.460117,0.461089,0.0797665
0.44058,0.474396,0.0898551
0.417808,0.481409,0.10274
0.451644,0.455513,0.0957447
0.397461,0.514648,0.0917969
0.402142,0.500487,0.10224
0.428571,0.487852,0.0845481
0.435547,0.475586,0.0917969
0.445535,0.473994,0.0824338
0.441006,0.474855,0.0870406
0.416667,0.504845,0.0891473
0.431774,0.483431,0.088694
0.422027,0.489279,0.0896686
0.435873,0.489875,0.0771456
0.432459,0.485909,0.0864917
0.455513,0.469052,0.0831721
0.439261,0.472303,0.0971817
0.429952,0.478261,0.0956522
0.437073,0.453659,0.112195
0.409533,0.503891,0.0914397
0.428991,0.46621,0.106758
0.413592,0.509709,0.0796117
0.420192,0.497115,0.0875
0.443689,0.478641,0.0805825
0.419261,0.496109,0.0885214
0.440039,0.465184,0.0976789
0.407407,0.501949,0.0935673
0.441346,0.480769,0.0807692
0.408824,0.496078,0.0980392
0.427451,0.5,0.0764706
0.447445,0.472517,0.0858245
0.439614,0.483092,0.0821256
0.431752,0.476283,0.0958374
0.403902,0.509268,0.0897561
0.427317,0.482927,0.0917073
0.428571,0.485521,0.0878378
0.430918,0.491787,0.0821256
0.433781,0.488484,0.0863724
0.436047,0.472868,0.0959302
0.430108,0.493646,0.0811339
0.427593,0.468689,0.108611
0.422222,0.491787,0.0869565
0.433998,0.483381,0.0854701
0.443793,0.473118,0.0840665
0.441748,0.492233,0.0728155
0.431884,0.490821,0.0879227
0.426485,0.492697,0.0827653
0.390595,0.527831,0.0911708
0.398068,0.517874,0.0879227
0.423337,0.502411,0.0771456
0.42677,0.481086,0.0960233
0.426214,0.494175,0.0864078
0.421616,0.497566,0.0847128
0.452427,0.471845,0.0805825
0.43304,0.484848,0.085044
0.423265,0.481916,0.0987292
0.439689,0.487354,0.0768482
0.414062,0.503906,0.0859375
0.438529,0.482091,0.0842207
0.439689,0.481518,0.0826848
0.419103,0.496101,0.0896686
0.422135,0.494613,0.0842311
0.427317,0.485854,0.0936585
0.43259,0.470417,0.0989331
0.405615,0.515005,0.0832527
0.401734,0.523121,0.0895954
0.403131,0.5,0.101761
0.418695,0.516066,0.0681597
0.431051,0.485053,0.0877531
0.446289,0.473633,0.0820312
0.41068,0.502913,0.0941748
0.452775,0.477118,0.0740019
0.410506,0.5107,0.0885214
0.424779,0.490659,0.0855457
0.431353,0.493671,0.0778968
0.420233,0.502918,0.0797665
0.457088,0.462874,0.0867888
0.413527,0.482126,0.111111
0.420388,0.498058,0.0864078
0.437992,0.481299,0.0826772
0.41376,0.486434,0.102713
0.445525,0.465953,0.0933852
0.429122,0.495661,0.0819672
0.433723,0.495127,0.0760234
0.474855,0.440039,0.0860735
0.411591,0.497053,0.0943026
0.432039,0.485437,0.0883495
0.421154,0.509615,0.075
0.452519,0.477713,0.0794574
0.434275,0.481986,0.0876339
0.440349,0.465567,0.099903
0.456226,0.444553,0.103113
0.437739,0.45977,0.106322
0.425121,0.487923,0.0898551
0.446583,0.487969,0.0741097
0.41376,0.481589,0.109496
0.450539,0.474045,0.0773751
0.41537,0.488327,0.100195
0.41244,0.513876,0.0784689
0.437259,0.48166,0.0868726
0.444444,0.466862,0.0935673
0.439024,0.476098,0.0868293
0.419981,0.504365,0.0795344
0.438596,0.483431,0.079922
0.410853,0.503876,0.0920543
0.463628,0.460718,0.0824442
0.446394,0.465887,0.0896686
0.456226,0.457198,0.0904669
0.432195,0.48,0.0907317
0.421559,0.493744,0.0895091
0.439497,0.478219,0.0851888
0.401923,0.524038,0.0769231
0.467899,0.464008,0.0749027
0.418199,0.501452,0.0871249
0.441091,0.480039,0.0817916
0.43038,0.496592,0.0769231
0.419167,0.511133,0.070668
0.432879,0.503891,0.0651751
0.454017,0.466602,0.0851888
0.423892,0.491329,0.0876686
0.439453,0.479492,0.0849609
0.427459,0.485881,0.0895813
0.449658,0.476051,0.0752688
0.440465,0.490803,0.0755082
0.432432,0.466216,0.107143
0.435034,0.492782,0.0769971
0.443038,0.470302,0.090555
0.426214,0.48835,0.0883495
0.44058,0.468599,0.0927536
0.431202,0.491279,0.0813953
0.457005,0.4657,0.0821256
0.415445,0.502444,0.0821114
0.471735,0.459064,0.0730994
0.447368,0.475634,0.079922
0.396518,0.528046,0.0793037
0.444985,0.466407,0.0934761
0.447445,0.470588,0.0848602
0.474708,0.452335,0.0758755
0.434868,0.477963,0.0910872
0.422027,0.491228,0.0916179
0.4258,0.490786,0.0921435
0.419261,0.477626,0.108949
0.397672,0.516974,0.0911736
0.44305,0.482625,0.0772201
0.413659,0.484878,0.106341
0.420498,0.495211,0.091954
0.402522,0.505335,0.0960233
0.422287,0.480938,0.101662
0.43677,0.485409,0.0807393
0.421875,0.503906,0.0761719
0.446933,0.479065,0.0769231
0.441319,0.478177,0.085354
0.398827,0.520039,0.086999
0.447776,0.473888,0.0841393
0.436364,0.48134,0.0880383
0.416586,0.489875,0.101254
0.43272,0.486931,0.0842207
0.452519,0.486434,0.0639535
0.421769,0.485909,0.0952381
0.439765,0.473066,0.0910872
0.426912,0.50242,0.0764763
0.414062,0.504883,0.0839844
0.442418,0.481766,0.0854127
0.432692,0.471154,0.1
0.42871,0.499515,0.0775946
0.420444,0.487946,0.0983607
0.442157,0.473529,0.0882353
0.415222,0.483622,0.106936
0.428571,0.501931,0.0733591
0.449318,0.47076,0.08577
0.404692,0.504399,0.0957967
0.456693,0.457677,0.0875984
0.424658,0.497065,0.0812133
0.419479,0.486017,0.0973963
0.47517,0.444985,0.0817916
0.451302,0.464802,0.0887175
0.42029,0.479227,0.103382
0.424805,0.49707,0.0849609
0.433171,0.458537,0.108293
0.424155,0.482126,0.0966184
0.422439,0.489756,0.0926829
0.445959,0.474197,0.0886076
0.424301,0.501446,0.0819672
0.448643,0.471899,0.0823643
0.423529,0.480392,0.1
0.453659,0.461463,0.0858537
0.423002,0.479532,0.10039
0.415222,0.5,0.0934489
0.397485,0.504836,0.0996132
0.428016,0.485409,0.0894942
0.426654,0.487057,0.0910834
0.442105,0.4689,0.0909091
0.428161,0.500958,0.0823755
0.409222,0.508165,0.0902978
0.418199,0.49758,0.0909971
0.427053,0.477295,0.101449
0.453749,0.458617,0.0954236
0.442365,0.462069,0.0955665
0.439962,0.466859,0.0989433
0.436647,0.484405,0.0838207
0.408872,0.492768,0.101254
0.427885,0.482692,0.0961538
0.403865,0.519807,0.0830918
0.442829,0.476744,0.0852713
0.431752,0.49274,0.0774443
0.424155,0.476329,0.103382
0.4375,0.486538,0.0788462
0.428571,0.480078,0.0962099
0.445192,0.455769,0.105769
0.424565,0.499033,0.0812379
0.43301,0.478641,0.0902913
0.43973,0.464802,0.101254
0.443259,0.465567,0.0921435
0.444867,0.471483,0.0893536
0.43295,0.485632,0.0862069
0.436606,0.506196,0.0610105
0.411822,0.494186,0.0959302
0.421154,0.498077,0.0846154
0.46757,0.454985,0.0813166
0.452958,0.468477,0.0805044
0.44358,0.483463,0.0749027
0.435328,0.474903,0.0945946
0.444871,0.465005,0.0958773
0.432749,0.477583,0.0964912
0.441406,0.464844,0.0966797
0.422135,0.486778,0.0969638
0.455523,0.460411,0.0889541
0.457808,0.4355,0.113482
0.418288,0.477626,0.107977
0.424447,0.482194,0.0981713
0.445411,0.466667,0.0879227
0.415861,0.507737,0.082205
0.416505,0.513592,0.0776699
0.457253,0.477426,0.0701249
0.426214,0.495146,0.0834951
0.411822,0.507752,0.0833333
0.437743,0.472763,0.0924125
0.419922,0.504883,0.0771484
0.419574,0.478682,0.106589
0.43285,0.468599,0.102415
0.430799,0.488304,0.0847953
0.408163,0.49757,0.0971817
0.413255,0.499025,0.0877193
0.404505,0.488737,0.109696
0.420388,0.473786,0.106796
0.42386,0.493695,0.086324
0.415039,0.488281,0.0976562
0.42968,0.470417,0.101843
0.431731,0.490385,0.0865385
0.421154,0.479808,0.103846
0.420797,0.505345,0.0806608
0.42871,0.482056,0.0911736
0.418057,0.502453,0.0824338
0.412391,0.50726,0.0851888
0.426214,0.485437,0.0961165
0.437439,0.486906,0.0766246
0.434236,0.470986,0.102515
0.429952,0.495652,0.0753623
0.428848,0.474347,0.100678
0.432277,0.480307,0.0912584
0.413191,0.471387,0.117362
0.425656,0.494655,0.0816327
0.407625,0.502444,0.0938416
0.383333,0.509804,0.110784
0.447036,0.48105,0.0777454
0.424537,0.486855,0.0944499
0.416023,0.496139,0.0907336
0.442829,0.475775,0.0862403
0.454898,0.451988,0.0969932
0.426614,0.484344,0.090998
0.445305,0.471442,0.0871249
0.441973,0.480658,0.0802708
0.432563,0.485549,0.0847784
0.408696,0.502415,0.0908213
0.438835,0.484466,0.0815534
0.416342,0.484436,0.107004
0.428432,0.500487,0.0749757
0.419789,0.504323,0.0826129
0.433398,0.494208,0.0762548
0.437984,0.48062,0.0852713
0.41165,0.486408,0.101942
0.427053,0.48599,0.0966184
0.440891,0.477713,0.0881783
0.42483,0.495635,0.085354
0.415459,0.488889,0.104348
0.444229,0.486906,0.0727449
0.4174,0.482893,0.104594
0.431373,0.473529,0.0980392
0.423152,0.5,0.0807393
0.450772,0.454633,0.0994208
0.421512,0.481589,0.0988372
0.413295,0.50578,0.0857418
0.469112,0.439189,0.0955598
0.430769,0.484615,0.0875
0.429672,0.483622,0.088632
0.410331,0.506823,0.0877193
0.453659,0.483902,0.0663415
0.461914,0.476562,0.0673828
0.421053,0.484211,0.101435
0.42289,0.496605,0.0834142
0.429406,0.478092,0.0954236
0.399806,0.500484,0.10455
0.424592,0.487032,0.0960615
0.414423,0.481731,0.110577
0.445192,0.466346,0.0980769
0.429833,0.480864,0.0893032
0.419512,0.493659,0.0897561
0.420498,0.499042,0.0890805
0.420136,0.494676,0.089061
0.425979,0.495702,0.0811843
0.420233,0.493191,0.0904669
0.411079,0.510204,0.0826045
0.436222,0.483934,0.083739
0.447162,0.477495,0.0753425
0.435973,0.484848,0.083089
0.430515,0.479106,0.0981535
0.427459,0.481986,0.0963973
0.444874,0.477756,0.0812379
0.423337,0.502411,0.0819672
0.427043,0.4893,0.0885214
0.420192,0.488462,0.0980769
0.445841,0.475822,0.0802708
0.422631,0.498066,0.0841393
0.402522,0.499515,0.102813
0.41068,0.502913,0.0902913
0.441205,0.474247,0.0864917
0.431448,0.481304,0.0949185
0.44894,0.469171,0.0857418
0.430233,0.49031,0.0872093
0.425944,0.479187,0.100678
0.459748,0.462658,0.0785645
0.431929,0.479922,0.0901077
0.417154,0.495127,0.0945419
0.444874,0.462282,0.10058
0.407907,0.505304,0.0896818
0.390883,0.518914,0.0911736
0.429816,0.469506,0.103582
0.420078,0.501949,0.0808967
0.427326,0.496124,0.0804264
0.457395,0.469148,0.0783546
0.429406,0.472249,0.0983447
0.461388,0.450635,0.0928641
0.435996,0.495669,0.0731473
0.420233,0.488327,0.0953307
0.437378,0.48728,0.0763209
0.411822,0.504845,0.0843023
0.450192,0.470307,0.0833333
0.440465,0.477251,0.0861568
0.451895,0.478134,0.0728863
0.426372,0.483157,0.0991338
0.437132,0.47446,0.089391
0.42451,0.486275,0.0911765
0.438343,0.473025,0.0944123
0.44971,0.469052,0.0860735
0.415295,0.494676,0.0929332
0.413659,0.497561,0.0907317
0.407551,0.519845,0.0774443
0.422741,0.493683,0.0874636
0.421203,0.487106,0.0993314
0.446394,0.469786,0.0867446
0.424272,0.474757,0.100971
0.477073,0.449756,0.0760976
0.424537,0.489776,0.0886076
0.422179,0.4893,0.0933852
0.433594,0.467773,0.102539
0.409533,0.496109,0.0992218
0.423484,0.488932,0.0904716
0.445199,0.458778,0.100873
0.414966,0.489796,0.0962099
0.424592,0.495677,0.0874159
0.405615,0.503388,0.0948693
0.437681,0.494686,0.07343
0.421156,0.494613,0.0910872
0.432777,0.472031,0.0961727
0.405325,0.508876,0.0857988
0.42233,0.498058,0.0864078
0.424008,0.499516,0.0832527
0.439883,0.455523,0.105572
0.425819,0.473988,0.104046
0.446377,0.472464,0.0850242
0.445402,0.471264,0.0881226
0.426456,0.483712,0.0937808
0.447445,0.463838,0.0945034
0.464912,0.474659,0.0643275
0.405222,0.498066,0.101547
0.444337,0.484995,0.0774443
0.41244,0.516746,0.0784689
0.440628,0.483808,0.0785083
0.421965,0.489403,0.0924855
0.446498,0.461089,0.0953307
0.412281,0.508772,0.0867446
0.430515,0.500486,0.068999
0.434402,0.495627,0.0777454
0.447907,0.467381,0.0856865
0.438104,0.470019,0.0957447
0.403116,0.518014,0.0847128
0.436047,0.479651,0.0901163
0.43259,0.491756,0.0834142
0.43304,0.483871,0.0840665
0.425656,0.501458,0.0787172
0.409804,0.50098,0.0892157
0.422135,0.495593,0.0842311
0.420898,0.489258,0.09375
0.447876,0.471042,0.0859073
0.435034,0.492782,0.078922
0.455426,0.47093,0.0794574
0.43829,0.472303,0.0932945
0.453659,0.463415,0.0868293
0.429126,0.485437,0.092233
0.451801,0.460565,0.090555
0.43453,0.468477,0.099903
0.419417,0.480583,0.107767
0.439143,0.47517,0.0915287
0.444015,0.496139,0.0646718
0.42483,0.495635,0.086324
0.451582,0.464046,0.0853308
0.455159,0.457088,0.0906461
0.420388,0.492233,0.0902913
0.390411,0.528376,0.0870841
0.450828,0.47517,0.0788705
0.426357,0.482558,0.0939922
0.428983,0.487524,0.0921305
0.448444,0.466926,0.0875486
0.427459,0.495618,0.0817916
0.398068,0.527536,0.0792271
0.437073,0.465366,0.102439
0.442591,0.478901,0.0814524
0.391813,0.513645,0.0994152
0.454191,0.467836,0.082846
0.424419,0.499031,0.0813953
0.456055,0.466797,0.0800781
0.447876,0.472008,0.0839768
0.438104,0.466151,0.0967118
0.423002,0.486355,0.0945419
0.42955,0.484344,0.0919765
0.402355,0.517174,0.0824338
0.40625,0.489258,0.108398
0.446377,0.475362,0.084058
0.418945,0.489258,0.09375
0.445946,0.468147,0.0897683
0.432327,0.483934,0.0866602
0.429126,0.481553,0.0941748
0.440546,0.464912,0.0984405
0.438835,0.486408,0.0815534
0.409662,0.498551,0.0956522
0.43095,0.487757,0.0871694
0.411306,0.502924,0.0896686
0.412281,0.504873,0.08577
0.412791,0.502907,0.0881783
0.431034,0.477969,0.0957854
0.430097,0.484466,0.0902913
0.449515,0.466019,0.0873786
0.444123,0.454721,0.10501
0.419884,0.487452,0.100386
0.468477,0.459748,0.0775946
0.429395,0.470701,0.104707
0.427459,0.465433,0.110029
0.427032,0.490695,0.0901077
0.412808,0.500493,0.0876847
0.43095,0.49951,0.0705191
0.427613,0.480345,0.0958773
0.443689,0.481553,0.0776699
0.442383,0.492188,0.0703125
0.434236,0.478723,0.0918762
0.43285,0.467633,0.10628
0.4276,0.477162,0.103013
0.449275,0.461836,0.094686
0.454985,0.454985,0.0968054
0.437255,0.487255,0.0784314
0.406067,0.495108,0.100783
0.428155,0.478641,0.0961165
0.419574,0.475775,0.107558
0.411306,0.503899,0.0906433
0.440385,0.480769,0.0836538
0.42345,0.489341,0.0901163
0.393443,0.516876,0.096432
0.407588,0.500973,0.0972763
0.420096,0.487081,0.0956938
0.436592,0.486931,0.0813166
0.428293,0.507317,0.0712195
0.434908,0.478303,0.0916104
0.446602,0.459223,0.0970874
0.418357,0.477295,0.110145
0.445419,0.469786,0.0877193
0.430118,0.489173,0.0836614
0.447368,0.45809,0.0994152
0.454283,0.46487,0.0827719
0.438477,0.472656,0.0908203
0.390029,0.519062,0.0957967
0.422439,0.507317,0.0770732
0.452335,0.468872,0.0826848
0.419574,0.508721,0.0765504
0.435749,0.483092,0.0859903
0.430244,0.490732,0.0829268
0.430515,0.479106,0.0932945
0.41691,0.50826,0.0806608
0.429543,0.492711,0.0835763
0.422439,0.502439,0.08
0.430528,0.488258,0.0821918
0.426326,0.48723,0.0874263
0.421359,0.486408,0.0961165
0.429833,0.473994,0.0961727
0.447747,0.475551,0.0814957
0.441319,0.481086,0.0843841
0.426889,0.489696,0.0883219
0.445631,0.470874,0.092233
0.435078,0.473837,0.0949612
0.442197,0.472062,0.0895954
0.44347,0.473684,0.0877193
0.423598,0.500967,0.0793037
0.419355,0.481916,0.105572
0.459961,0.454102,0.0898438
0.434314,0.471569,0.0970588
0.424926,0.508342,0.0667321
0.430784,0.489835,0.0861568
0.445736,0.486434,0.0717054
0.451895,0.462585,0.0923226
0.403304,0.517979,0.0806608
0.435673,0.47076,0.0935673
0.442401,0.454985,0.107454
0.424951,0.500975,0.0818713
0.4355,0.472357,0.0969932
0.427053,0.48599,0.0917874
0.436959,0.491819,0.0731473
0.442623,0.467695,0.0973963
0.43457,0.473633,0.0976562
0.445525,0.464981,0.0904669
0.409357,0.490253,0.10039
0.429825,0.491228,0.0838207
0.430087,0.48891,0.0877531
0.395934,0.514037,0.0977735
0.420588,0.490196,0.0931373
0.413255,0.498051,0.088694
0.444552,0.474446,0.0867888
0.415938,0.489796,0.0971817
0.435159,0.482229,0.0874159
0.451923,0.458654,0.0942308
0.464355,0.450867,0.0867052
0.438104,0.476789,0.0880077
0.43122,0.492683,0.08
0.424301,0.487946,0.0906461
0.423415,0.473171,0.107317
0.396117,0.51068,0.0951456
0.419417,0.484466,0.100971
0.434363,0.490347,0.0801158
0.442064,0.49075,0.0710808
0.456922,0.452081,0.0929332
0.443259,0.470417,0.0872939
0.442512,0.471498,0.0908213
0.452427,0.474757,0.0747573
0.440154,0.46139,0.101351
0.43804,0.462056,0.104707
0.450867,0.475915,0.0751445
0.414729,0.481589,0.106589
0.423301,0.485437,0.0970874
0.461762,0.461762,0.0851888
0.42029,0.489855,0.0975845
0.450195,0.46875,0.0820312
0.458494,0.470077,0.0752896
0.422027,0.502924,0.079922
0.436523,0.460938,0.106445
0.425388,0.493217,0.0833333
0.455253,0.459144,0.0865759
0.41165,0.503883,0.0893204
0.423337,0.490839,0.0925747
0.42471,0.493243,0.0878378
0.437622,0.488304,0.0769981
0.448409,0.45323,0.105111
0.453928,0.468477,0.085354
0.411877,0.490421,0.100575
0.4375,0.473077,0.0932692
0.442623,0.477338,0.0829315
0.440117,0.46446,0.0963973
0.418762,0.494197,0.0928433
0.426357,0.468992,0.110465
0.457364,0.465116,0.0823643
0.436715,0.484058,0.084058
0.414062,0.496094,0.0947266
0.429122,0.504339,0.0703954
0.416259,0.494613,0.0910872
0.442383,0.469727,0.0927734
0.422222,0.503382,0.0763285
0.429268,0.48,0.0956098
0.445959,0.440117,0.114898
0.427459,0.468354,0.108082
0.451302,0.469624,0.0819672
0.448109,0.471387,0.0843841
0.41165,0.497087,0.0941748
0.434612,0.470993,0.0973451
0.425121,0.49372,0.0859903
0.413827,0.487829,0.0993184
0.432879,0.473735,0.101167
0.437681,0.484058,0.084058
0.42677,0.483026,0.0940834
0.424272,0.493204,0.0912621
0.440233,0.47619,0.0855199
0.44347,0.466862,0.0916179
0.443359,0.458984,0.0996094
0.396501,0.504373,0.102041
0.42968,0.485936,0.086324
0.429816,0.46757,0.107454
0.433078,0.48088,0.0927342
0.420797,0.482021,0.100097
0.427875,0.480507,0.0974659
0.447266,0.456055,0.101562
0.445516,0.483124,0.0742527
0.410107,0.505345,0.0913508
0.429816,0.487899,0.0871249
0.418828,0.512968,0.074928
0.408738,0.513592,0.0834951
0.422072,0.500484,0.0832527
0.420898,0.491211,0.0927734
0.442703,0.473066,0.0852106
0.430918,0.485024,0.0869565
0.40619,0.503868,0.0957447
0.419261,0.501946,0.0836576
0.4148,0.493671,0.101266
0.445205,0.469667,0.0890411
0.455598,0.462355,0.0849421
0.42386,0.478177,0.099903
0.417315,0.478599,0.107977
0.419512,0.48,0.101463
0.424976,0.505324,0.0755082
0.423977,0.48538,0.0945419
0.428016,0.478599,0.103113
0.40332,0.514648,0.0859375
0.424125,0.48249,0.0953307
0.4476,0.459354,0.0950049
0.413592,0.494175,0.0951456
0.445087,0.476879,0.0818882
0.436469,0.478177,0.0882638
0.409002,0.500978,0.0939335
0.432039,0.47767,0.0961165
0.40251,0.505792,0.0974903
0.452148,0.460938,0.0898438
0.440465,0.47241,0.0929332
0.420849,0.496139,0.0868726
0.412391,0.488867,0.0997096
0.434363,0.478764,0.0926641
0.39786,0.497082,0.109922
0.443259,0.471387,0.0882638
0.445525,0.474708,0.0826848
0.439806,0.478641,0.084466
0.435248,0.486855,0.0827653
0.431487,0.48105,0.0913508
0.427326,0.489341,0.0910853
0.435078,0.475775,0.0949612
0.463486,0.45667,0.0847128
0.429406,0.485881,0.090555
0.434236,0.488395,0.0793037
0.429268,0.475122,0.097561
0.4258,0.483996,0.0931135
0.450292,0.465887,0.0906433
0.428016,0.497082,0.0768482
0.42522,0.487781,0.0928641
0.423152,0.505837,0.077821
0.434908,0.492768,0.072324
0.42451,0.498039,0.0794118
0.432432,0.472973,0.101351
0.409627,0.479371,0.113949
0.42002,0.489696,0.0961727
0.461688,0.460718,0.0814743
0.439689,0.483463,0.0817121
0.443478,0.458937,0.100483
0.443689,0.475728,0.0854369
0.445959,0.45667,0.101266
0.434236,0.482592,0.0860735
0.459981,0.458052,0.0848602
0.428295,0.492248,0.0833333
0.391723,0.52358,0.0923965
0.407122,0.504331,0.0943215
0.410107,0.504373,0.0874636
0.408654,0.5,0.0961538
0.42677,0.498545,0.0775946
0.400966,0.503382,0.0985507
0.416422,0.488759,0.0967742
0.419261,0.507782,0.0768482
0.425097,0.498054,0.0817121
0.419417,0.479612,0.101942
0.425532,0.492263,0.0851064
0.419942,0.49185,0.0920422
0.439765,0.503428,0.0597453
0.437196,0.479065,0.0886076
0.393204,0.516505,0.0970874
0.421053,0.496101,0.08577
0.438409,0.479146,0.0892338
0.431068,0.478641,0.0941748
0.430368,0.49323,0.082205
0.439571,0.477583,0.08577
0.410732,0.475122,0.116098
0.44347,0.490253,0.0682261
0.427043,0.48249,0.0953307
0.435922,0.485437,0.0825243
0.434824,0.493815,0.0780209
0.422027,0.479532,0.104288
0.454102,0.467773,0.0849609
0.454545,0.470986,0.0783366
0.418041,0.511154,0.0746848
0.434198,0.478386,0.0902978
0.404878,0.519024,0.0809756
0.440976,0.480976,0.084878
0.437561,0.484027,0.0851888
0.450485,0.472816,0.0776699
0.429833,0.479882,0.0912659
0.442418,0.477927,0.0882917
0.438343,0.479769,0.0867052
0.433594,0.480469,0.0908203
0.45534,0.463107,0.0815534
0.435721,0.465162,0.101079
0.420543,0.487403,0.0968992
0.404692,0.508309,0.0889541
0.439922,0.476744,0.0852713
0.447241,0.468538,0.0871249
0.452148,0.446289,0.105469
0.44971,0.480658,0.0715667
0.433981,0.480583,0.0893204
0.445419,0.461014,0.0935673
0.41691,0.489796,0.0962099
0.43738,0.483622,0.0828516
0.444765,0.471662,0.0883766
0.410972,0.501444,0.0885467
0.456754,0.471331,0.0777454
0.449275,0.47343,0.0830918
0.429268,0.47122,0.103415
0.419231,0.495192,0.0971154
0.420749,0.487992,0.0951009
0.446257,0.465451,0.0911708
0.466143,0.448479,0.0853778
0.42913,0.494624,0.0801564
0.433206,0.485687,0.0906489
0.428019,0.475362,0.101449
0.450867,0.471098,0.083815
0.405769,0.5,0.1
0.449756,0.458537,0.0936585
0.424951,0.482456,0.0984405
0.423225,0.496161,0.0882917
0.394027,0.531792,0.0828516
0.426214,0.496117,0.0864078
0.47025,0.442418,0.0911708
0.419512,0.479024,0.103415
0.412391,0.50726,0.0832527
0.427203,0.498084,0.0804598
0.450192,0.464559,0.0881226
0.42192,0.482056,0.0969932
0.409135,0.505345,0.0894072
0.444985,0.481986,0.0778968
0.4143,0.502449,0.0842311
0.421463,0.478049,0.10439
0.423188,0.495652,0.0888889
0.415784,0.493744,0.0972089
0.403101,0.521318,0.0804264
0.467899,0.452335,0.0817121
0.428012,0.487757,0.08619
0.456395,0.463178,0.0823643
0.441794,0.477099,0.0868321
0.42955,0.481409,0.0919765
0.415279,0.488737,0.0979432
0.467757,0.453321,0.0837344
0.445748,0.465298,0.0928641
0.400196,0.503914,0.0998043
0.428016,0.472763,0.100195
0.431884,0.470531,0.100483
0.4108,0.503375,0.0954677
0.426326,0.485265,0.089391
0.414894,0.499033,0.0938104
0.43666,0.473129,0.0940499
0.452242,0.467836,0.0838207
0.43038,0.486855,0.0847128
0.452958,0.460718,0.0902037
0.451302,0.472517,0.0781099
0.421206,0.478599,0.106031
0.424855,0.482659,0.0963391
0.452266,0.470588,0.0829315
0.423265,0.500489,0.0801564
0.438905,0.482893,0.0811339
0.449664,0.482263,0.0747843
0.430392,0.481373,0.0901961
0.442308,0.461538,0.101923
0.418537,0.494634,0.0887805
0.424301,0.498554,0.0790743
0.406615,0.495136,0.103113
0.443907,0.474855,0.0851064
0.441205,0.484937,0.0806608
0.467836,0.461014,0.0750487
0.438529,0.496612,0.070668
0.434402,0.471331,0.0981535
0.452174,0.459903,0.0927536
0.449416,0.475681,0.0758755
0.412621,0.500971,0.0893204
0.433944,0.476374,0.0925747
0.42483,0.482056,0.0960233
0.401367,0.503906,0.0976562
0.433594,0.473633,0.0976562
0.42623,0.495661,0.0819672
0.423301,0.490291,0.0883495
0.432302,0.490329,0.0812379
0.439423,0.486538,0.0778846
0.457529,0.464286,0.0830116
0.419634,0.499519,0.0837344
0.438343,0.483622,0.0809249
0.44152,0.48538,0.0789474
0.423977,0.498051,0.079922
0.45614,0.452242,0.0964912
0.432353,0.47549,0.0970588
0.438665,0.462218,0.101079
0.450635,0.465298,0.086999
0.432777,0.478901,0.0922473
0.42549,0.491176,0.0882353
0.423115,0.487757,0.0940255
0.42623,0.491803,0.0906461
0.443907,0.474855,0.0841393
0.430368,0.488395,0.0870406
0.437928,0.472141,0.0928641
0.4276,0.500486,0.0758017
0.428161,0.506705,0.0756705
0.401174,0.500978,0.0998043
0.419608,0.49902,0.0833333
0.40691,0.507678,0.0940499
0.429537,0.499035,0.0762548
0.439024,0.477073,0.0858537
0.398068,0.510145,0.0975845
0.418377,0.517107,0.0654936
0.423745,0.482625,0.0955598
0.463462,0.467308,0.0740385
0.431353,0.480039,0.090555
0.423301,0.48835,0.0902913
0.430221,0.466795,0.103946
0.382583,0.53229,0.0880626
0.427613,0.475551,0.100671
0.420898,0.500977,0.0810547
0.441659,0.492768,0.0761813
0.434908,0.479267,0.0887175
0.420898,0.496094,0.0849609
0.412391,0.510165,0.0803485
0.427875,0.487329,0.0847953
0.433301,0.481986,0.0895813
0.445736,0.477713,0.0813953
0.446289,0.474609,0.0810547
0.4294,0.474855,0.10058
0.42439,0.485854,0.0946341
0.432879,0.481518,0.0875486
0.421616,0.498539,0.083739
0.422549,0.493137,0.0862745
0.427043,0.497082,0.0797665
0.444123,0.468208,0.0944123
0.437984,0.487403,0.0765504
0.426326,0.488212,0.086444
0.428016,0.490272,0.0846304
0.465517,0.449234,0.0890805
0.430097,0.486408,0.0873786
0.432039,0.465049,0.105825
0.405825,0.502913,0.0941748
0.41537,0.473735,0.114786
0.44648,0.47541,0.0819672
0.432459,0.475219,0.0942663
0.442177,0.455782,0.105928
0.403922,0.498039,0.0990196
0.423115,0.497551,0.0832517
0.442843,0.483189,0.0768492
0.438169,0.48296,0.0808179
0.436098,0.476098,0.0926829
0.44294,0.477756,0.0841393
0.43677,0.488327,0.0817121
0.43122,0.480976,0.0907317
0.407869,0.511516,0.0873321
0.447036,0.456754,0.101069
0.449515,0.466019,0.0902913
0.416507,0.506718,0.084453
0.428986,0.477295,0.0985507
0.448276,0.460728,0.0938697
0.434402,0.484937,0.0835763
0.429406,0.478092,0.097371
0.458698,0.447036,0.0991254
0.449857,0.470869,0.0888252
0.419765,0.475538,0.107632
0.441319,0.470417,0.0960233
0.412281,0.492203,0.0974659
0.443478,0.480193,0.0792271
0.441609,0.470069,0.0902846
0.470531,0.459903,0.07343
0.416667,0.487403,0.0978682
0.417066,0.488015,0.0987536
0.401347,0.517806,0.0895091
0.42955,0.48728,0.0841487
0.454106,0.471498,0.0763285
0.44898,0.472303,0.0806608
0.433944,0.474446,0.0983607
0.435824,0.479885,0.0909962
0.389699,0.517979,0.0991254
0.438953,0.471899,0.0939922
0.436893,0.484466,0.0834951
0.460501,0.459538,0.0857418
0.435701,0.493282,0.074856
0.445305,0.461762,0.0977735
0.42304,0.499516,0.0822846
0.427746,0.484586,0.0953757
0.421815,0.47973,0.105212
0.421053,0.481481,0.0984405
0.436346,0.475219,0.0952381
0.426357,0.475775,0.0998062
0.439072,0.485493,0.0783366
0.428434,0.488953,0.0893372
0.424565,0.467118,0.110251
0.413994,0.493683,0.0923226
0.437073,0.477073,0.0897561
0.391007,0.506354,0.104594
0.42788,0.488867,0.089061
0.409047,0.511068,0.0866218
0.415445,0.499511,0.0879765
0.409487,0.514037,0.0822846
0.42955,0.5,0.0753425
0.430221,0.480269,0.093359
0.418288,0.493191,0.094358
0.431907,0.484436,0.0865759
0.433269,0.485493,0.0851064
0.449951,0.475219,0.0787172
0.428293,0.494634,0.0809756
0.445631,0.474757,0.0825243
0.410382,0.501469,0.0901077
0.454458,0.451582,0.096836
0.419862,0.491642,0.0894789
0.457692,0.475,0.0692308
0.435922,0.476699,0.0951456
0.44971,0.475822,0.0783366
0.424565,0.490329,0.0909091
0.428432,0.479065,0.0944499
0.412897,0.511068,0.0827719
0.446064,0.469388,0.0864917
0.426934,0.508118,0.0725883
0.436416,0.468208,0.101156
0.461095,0.45341,0.092219
0.42451,0.5,0.0784314
0.441205,0.463557,0.0991254
0.446064,0.468416,0.0894072
0.442843,0.473583,0.0902978
0.414161,0.492726,0.0950533
0.434442,0.483366,0.0890411
0.410853,0.498062,0.0930233
0.460718,0.453928,0.0911736
0.408654,0.490385,0.106731
0.418893,0.507634,0.0811069
0.436538,0.482692,0.0855769
0.426485,0.476144,0.101266
0.463938,0.451267,0.0877193
0.429952,0.486957,0.0879227
0.444336,0.474609,0.0849609
0.405113,0.515241,0.0816126
0.407371,0.507274,0.0940834
0.421559,0.499519,0.0866218
0.427053,0.48599,0.094686
0.446933,0.470302,0.0866602
0.44294,0.470019,0.0889749
0.393648,0.528393,0.0837344
0.44186,0.481589,0.0823643
0.418738,0.499044,0.0879541
0.440891,0.488372,0.0765504
0.418057,0.494603,0.0902846
0.410281,0.512124,0.0824442
0.445959,0.481013,0.0788705
0.450145,0.469506,0.0851888
0.432039,0.474757,0.0941748
0.437439,0.478177,0.0911736
0.431051,0.491803,0.0819672
0.435577,0.475,0.0942308
0.449416,0.466926,0.0865759
0.420898,0.491211,0.0908203
0.454017,0.468538,0.0793804
0.421616,0.484907,0.0983447
0.43453,0.474297,0.0950533
0.426889,0.487733,0.0902846
0.426372,0.482194,0.093359
0.44358,0.485409,0.0758755
0.439423,0.454808,0.108654
0.449234,0.476054,0.0785441
0.434908,0.483124,0.0877531
0.427481,0.480916,0.0973282
0.418945,0.491211,0.09375
0.423977,0.479532,0.0994152
0.440077,0.465964,0.0977948
0.440694,0.471553,0.0906461
0.43453,0.471387,0.099903
0.44027,0.474952,0.0895954
0.440465,0.481123,0.0822846
0.455072,0.462802,0.0869565
0.452794,0.452794,0.0963391
0.438409,0.484966,0.0795344
0.424069,0.497612,0.0888252
0.428155,0.496117,0.0776699
0.448706,0.472675,0.0834132
0.408519,0.486931,0.106486
0.463628,0.458778,0.0775946
0.447013,0.473025,0.0867052
0.415774,0.500487,0.0886076
0.413827,0.512171,0.0788705
0.42483,0.497575,0.0834142
0.416016,0.494141,0.0917969
0.418695,0.498539,0.0827653
0.441973,0.46325,0.0967118
0.422741,0.489796,0.0913508
0.451923,0.463462,0.0913462
0.442843,0.471662,0.0960615
0.424951,0.492203,0.088694
0.404031,0.514395,0.0902111
0.432909,0.480901,0.0871694
0.441748,0.474757,0.0873786
0.442607,0.466926,0.0963035
0.432407,0.490892,0.0805369
0.426197,0.484848,0.0889541
0.43162,0.483026,0.0892338
0.433398,0.493243,0.0830116
0.44294,0.470986,0.089942
0.443907,0.476789,0.0802708
0.41691,0.507289,0.0835763
0.402122,0.506268,0.096432
0.433594,0.484375,0.0839844
0.417154,0.483431,0.101365
0.413359,0.485963,0.102614
0.416101,0.495635,0.0950533
0.42955,0.477495,0.0939335
0.429825,0.487329,0.08577
0.405797,0.515942,0.0850242
0.449177,0.476283,0.0764763
0.431353,0.483934,0.0915287
0.413127,0.52027,0.0791506
0.423598,0.494197,0.0831721
0.442829,0.468992,0.0920543
0.424684,0.490768,0.0864917
0.459433,0.44086,0.100684
0.424805,0.500977,0.0791016
0.417647,0.50098,0.0862745
0.416992,0.493164,0.0957031
0.460194,0.457282,0.0893204
0.434783,0.491787,0.0801932
0.444336,0.47168,0.0898438
0.44636,0.474138,0.085249
0.44888,0.450828,0.103213
0.439379,0.481086,0.0824442
0.412391,0.505324,0.0880929
0.421408,0.486982,0.0954677
0.42522,0.499511,0.0811339
0.421256,0.504348,0.0792271
0.427875,0.482456,0.0935673
0.454195,0.467695,0.0838959
0.417148,0.521195,0.0674374
0.454369,0.485437,0.0660194
0.415205,0.506823,0.082846
0.434866,0.488506,0.0814176
0.39265,0.502901,0.109284
0.428712,0.498525,0.0766962
0.426758,0.485352,0.0927734
0.423564,0.484907,0.100292
0.402321,0.501934,0.10058
0.442718,0.473786,0.0873786
0.440891,0.491279,0.0717054
0.433981,0.479612,0.0893204
0.428709,0.477842,0.0992293
0.447368,0.459064,0.0955166
0.424038,0.501923,0.0778846
0.411707,0.491707,0.100488
0.462428,0.477842,0.0645472
0.424805,0.498047,0.0810547
0.446498,0.475681,0.0826848
0.441634,0.481518,0.0836576
0.423564,0.487829,0.0925024
0.425097,0.487354,0.0904669
0.407588,0.504864,0.0924125
0.415058,0.498069,0.0945946
0.421769,0.49174,0.0913508
0.43298,0.478303,0.0954677
0.416425,0.509179,0.0801932
0.417954,0.495174,0.0916988
0.449275,0.471498,0.0830918
0.433431,0.482021,0.090379
0.437259,0.469112,0.0965251
0.412281,0.486355,0.107212
0.438462,0.475,0.0932692
0.424155,0.503382,0.0811594
0.464321,0.463343,0.0742913
0.418199,0.499516,0.0871249
0.402522,0.503395,0.0979631
0.448479,0.457311,0.0961727
0.41376,0.501938,0.0901163
0.428434,0.486071,0.0912584
0.402355,0.498528,0.0991168
0.407767,0.503883,0.0912621
0.424537,0.500487,0.0798442
0.452519,0.467054,0.0813953
0.393998,0.516941,0.0939013
0.411937,0.503914,0.0870841
0.420597,0.474495,0.104909
0.434825,0.474708,0.0914397
0.403475,0.512548,0.0868726
0.455436,0.4476,0.10284
0.419324,0.490821,0.094686
0.4355,0.467507,0.101843
0.421663,0.491296,0.0938104
0.45341,0.466859,0.0835735
0.415622,0.494696,0.0954677
0.41256,0.507246,0.0879227
0.439765,0.467189,0.0959843
0.463158,0.465072,0.077512
0.440976,0.465366,0.097561
0.442495,0.469786,0.0896686
0.41256,0.51401,0.0782609
0.425073,0.496572,0.0803134
0.444444,0.463938,0.0974659
0.414894,0.483559,0.108317
0.41954,0.493295,0.0929119
0.453839,0.449951,0.0991254
0.4355,0.460718,0.107662
0.421104,0.473379,0.113262
0.42788,0.494676,0.0803485
0.445642,0.462292,0.0940255
0.419825,0.482021,0.101069
0.42259,0.496592,0.0827653
0.43272,0.484995,0.0842207
0.44894,0.486513,0.0741811
0.433301,0.488802,0.0798442
0.448309,0.483092,0.0724638
0.44347,0.487329,0.0769981
0.42955,0.480431,0.0939335
0.460425,0.456564,0.0849421
0.417795,0.492263,0.098646
0.418787,0.491194,0.0919765
0.427734,0.484375,0.0908203
0.409884,0.510659,0.0833333
0.445841,0.483559,0.0773694
0.42788,0.479187,0.0987415
0.452174,0.468599,0.0888889
0.446933,0.462512,0.0934761
0.40625,0.487305,0.107422
0.454106,0.463768,0.0869565
0.42788,0.499516,0.0822846
0.443369,0.474347,0.0871249
0.414563,0.5,0.0902913
0.454191,0.469786,0.079922
0.436047,0.48062,0.0872093
0.422027,0.491228,0.0896686
0.4375,0.474609,0.0947266
0.41376,0.5,0.0910853
0.409091,0.500967,0.0928433
0.439216,0.462745,0.0990196
0.428432,0.477118,0.0954236
0.43272,0.469506,0.103582
0.438224,0.473938,0.0916988
0.415131,0.485936,0.100873
0.437743,0.464981,0.101167
0.437318,0.480078,0.0855199
0.420849,0.493243,0.0878378
0.440306,0.471824,0.095511
0.408243,0.500491,0.0951914
0.411822,0.5,0.0891473
0.42774,0.474297,0.099903
0.441091,0.46446,0.10224
0.437196,0.480039,0.0876339
0.427326,0.49031,0.0901163
0.403116,0.499513,0.104187
0.442829,0.484496,0.0746124
0.42607,0.493191,0.0846304
0.450389,0.462062,0.0885214
0.418041,0.483026,0.104753
0.395349,0.516473,0.0939922
0.425265,0.481196,0.0973963
0.40622,0.494655,0.100097
0.43677,0.466926,0.103113
0.414634,0.496585,0.0907317
0.460287,0.440191,0.107177
0.426923,0.491346,0.0894231
0.43677,0.486381,0.0846304
0.420696,0.489362,0.0918762
0.418057,0.484789,0.0991168
0.426901,0.494152,0.082846
0.417969,0.510742,0.0732422
0.404235,0.501444,0.0981713
0.409047,0.485082,0.110683
0.429816,0.484995,0.089061
0.42439,0.49561,0.0839024
0.42345,0.469961,0.108527
0.460271,0.468992,0.0794574
0.420543,0.483527,0.0978682
0.411594,0.508213,0.0850242
0.43301,0.467961,0.106796
0.454808,0.457692,0.0884615
0.438409,0.483026,0.0834142
0.456754,0.448008,0.0981535
0.463462,0.460577,0.0826923
0.401751,0.509728,0.0924125
0.431752,0.477251,0.0939013
0.412791,0.511628,0.0784884
0.434783,0.492754,0.0792271
0.426782,0.49422,0.0828516
0.442718,0.482524,0.0757282
0.42259,0.49075,0.090555
0.412791,0.492248,0.0968992
0.427885,0.479808,0.0971154
0.42871,0.474297,0.100873
0.431335,0.482592,0.0918762
0.45774,0.450142,0.0940171
0.436364,0.480383,0.0870813
0.417697,0.486204,0.0989534
0.443038,0.469328,0.0934761
0.427043,0.493191,0.0846304
0.403509,0.491228,0.107212
0.394146,0.52878,0.0819512
0.449612,0.453488,0.101744
0.401559,0.510721,0.0925926
0.450677,0.467118,0.0870406
0.430784,0.477251,0.0929332
0.428296,0.489894,0.0895091
0.449416,0.468872,0.0904669
0.4355,0.479146,0.0882638
0.442718,0.469903,0.0883495
0.418377,0.502444,0.0821114
0.402321,0.512573,0.0870406
0.444767,0.459302,0.0998062
0.435996,0.483157,0.0856593
0.439024,0.474146,0.0917073
0.450389,0.461089,0.0904669
0.419825,0.499514,0.0864917
0.421616,0.485881,0.097371
0.434868,0.470127,0.0989226
0.42774,0.493695,0.0834142
0.417231,0.510165,0.0793804
0.425781,0.47168,0.104492
0.410577,0.493269,0.0990385
0.418672,0.503369,0.0846968
0.42381,0.5,0.0838095
0.418129,0.482456,0.10039
0.433888,0.480901,0.0871694
0.432459,0.490768,0.0826045
0.431034,0.488506,0.0833333
0.449177,0.478219,0.0793804
0.445946,0.455598,0.102317
0.44112,0.492278,0.0714286
0.42439,0.498537,0.0809756
0.430502,0.492278,0.0868726
0.405458,0.505848,0.0906433
0.407984,0.502434,0.0915287
0.458858,0.450145,0.0948693
0.434146,0.481951,0.0907317
0.443478,0.466667,0.0927536
0.408915,0.487403,0.108527
0.445312,0.466797,0.0898438
0.452242,0.471735,0.0779727
0.459615,0.453846,0.0942308
0.446829,0.46439,0.0926829
0.439846,0.478345,0.0875842
0.413827,0.502434,0.0866602
0.421875,0.482422,0.0976562
0.435122,0.465366,0.101463
0.423598,0.49323,0.0870406
0.423484,0.502406,0.080847
0.436098,0.476098,0.0926829
0.436364,0.477512,0.092823
0.42289,0.498545,0.0824442
0.42345,0.5,0.0813953
0.401751,0.491245,0.11284
0.451988,0.470417,0.0824442
0.432459,0.478134,0.0932945
0.401751,0.509728,0.0914397
0.424447,0.487007,0.0923965
0.419011,0.496605,0.0902037
0.400393,0.509323,0.0902846
0.446933,0.468354,0.0886076
0.420643,0.497566,0.0876339
0.427063,0.488484,0.0873321
0.406731,0.510577,0.0923077
0.444336,0.475586,0.0820312
0.437864,0.492233,0.0757282
0.455854,0.461612,0.0882917
0.45314,0.4657,0.0821256
0.430108,0.480938,0.0899316
0.445748,0.459433,0.0957967
0.434363,0.498069,0.0714286
0.407551,0.489835,0.10455
0.449951,0.4655,0.0855199
0.426654,0.498562,0.0824545
0.416346,0.490385,0.0980769
0.425287,0.466475,0.110153
0.426758,0.474609,0.103516
0.409357,0.502924,0.088694
0.415861,0.483559,0.104449
0.432171,0.475775,0.0978682
0.434402,0.474247,0.0923226
0.414327,0.510165,0.0803485
0.434612,0.485742,0.0825959
0.473327,0.467507,0.071775
0.439335,0.472603,0.0919765
0.447907,0.477118,0.083739
0.42029,0.487923,0.0956522
0.427032,0.472086,0.101861
0.432277,0.481268,0.092219
0.418288,0.4893,0.098249
0.460641,0.450923,0.0894072
0.422439,0.48878,0.0907317
0.437259,0.470077,0.0965251
0.438596,0.463938,0.10039
0.433333,0.477451,0.0921569
0.40409,0.499513,0.0983447
0.401559,0.505848,0.0945419
0.424008,0.477251,0.101646
0.450828,0.453749,0.0993184
0.418217,0.502449,0.0822723
0.44858,0.459354,0.0950049
0.397087,0.514563,0.0912621
0.427043,0.481518,0.0933852
0.420078,0.500975,0.0818713
0.439143,0.481986,0.0798442
0.420233,0.480545,0.101167
0.407407,0.496101,0.0984405
0.42774,0.509214,0.071775
0.412221,0.494665,0.0950533
0.427875,0.497076,0.0808967
0.434055,0.489173,0.0777559
0.433526,0.478805,0.0915222
0.449119,0.450098,0.10274
0.458494,0.47973,0.0656371
0.425243,0.480583,0.0970874
0.441838,0.477028,0.083089
0.427613,0.494727,0.0795781
0.454545,0.453578,0.0947776
0.429816,0.46757,0.106486
0.432459,0.484937,0.0855199
0.450923,0.477162,0.0767736
0.424008,0.484995,0.0987415
0.407336,0.495174,0.0984556
0.427606,0.495174,0.0839768
0.419574,0.497093,0.0862403
0.411479,0.499027,0.0953307
0.44294,0.468085,0.0918762
0.438766,0.491803,0.0742527
0.432407,0.482263,0.0901246
0.441292,0.476517,0.0851272
0.439143,0.469328,0.0954236
0.432749,0.493177,0.0760234
0.438716,0.48249,0.0865759
0.401552,0.496605,0.104753
0.441319,0.477207,0.086324
0.46116,0.457227,0.086529
0.429268,0.490732,0.0839024
0.40625,0.500977,0.09375
0.411707,0.50439,0.0868293
0.436893,0.478641,0.0854369
0.446273,0.483059,0.0793804
0.443259,0.483026,0.0795344
0.456564,0.449807,0.0955598
0.414634,0.498537,0.0897561
0.402724,0.491245,0.109922
0.447805,0.460488,0.0926829
0.428298,0.5,0.082218
0.428016,0.487354,0.0904669
0.44347,0.465887,0.0945419
0.406796,0.512621,0.084466
0.420388,0.495146,0.0873786
0.425944,0.490803,0.0861568
0.446621,0.46621,0.0881489
0.398838,0.506292,0.0977735
0.440465,0.469506,0.0909971
0.436523,0.470703,0.0947266
0.434275,0.48296,0.083739
0.43708,0.472622,0.0941402
0.445186,0.450906,0.107722
0.451895,0.455782,0.100097
0.448309,0.469565,0.0850242
0.411197,0.510618,0.0888031
0.420696,0.500967,0.0860735
0.421359,0.494175,0.0883495
0.444874,0.478723,0.0812379
0.4565,0.465298,0.0811339
0.418199,0.482091,0.105518
0.429406,0.493671,0.0808179
0.433688,0.468538,0.10455
0.443907,0.471954,0.0870406
0.424184,0.498081,0.0834933
0.431467,0.492278,0.0830116
0.45614,0.45809,0.088694
0.445186,0.471878,0.092469
0.418357,0.50628,0.0763285
0.445525,0.464008,0.094358
0.406796,0.524272,0.076699
0.421408,0.486017,0.0945034
0.395169,0.512077,0.0995169
0.39942,0.511605,0.0947776
0.428571,0.48728,0.0890411
0.426513,0.470701,0.103746
0.419261,0.502918,0.0807393
0.421722,0.494129,0.0851272
0.441319,0.477207,0.086324
0.415861,0.487427,0.105416
0.436222,0.472249,0.0934761
0.419103,0.491228,0.0974659
0.421104,0.484995,0.0997096
0.426053,0.490695,0.0852106
0.444444,0.47318,0.0881226
0.442953,0.480345,0.0786194
0.452519,0.460271,0.0881783
0.409357,0.491228,0.101365
0.431731,0.479808,0.0913462
0.429264,0.491279,0.0862403
0.431353,0.468354,0.101266
0.431907,0.493191,0.0758755
0.426326,0.493124,0.086444
0.436346,0.474247,0.0923226
0.397461,0.508789,0.0957031
0.433493,0.489952,0.0842105
0.430502,0.480695,0.0926641
0.410331,0.513645,0.0818713
0.428019,0.476329,0.0985507
0.40409,0.500487,0.101266
0.425656,0.474247,0.103984
0.437137,0.482592,0.0841393
0.432039,0.480583,0.0902913
0.451801,0.461538,0.0876339
0.430934,0.492218,0.0787938
0.440808,0.484119,0.0760346
0.448309,0.446377,0.107246
0.41126,0.492366,0.102099
0.43285,0.478261,0.0956522
0.432879,0.492218,0.0846304
0.440465,0.482091,0.0803485
0.424155,0.482126,0.0985507
0.428571,0.488417,0.0888031
0.45374,0.459646,0.0885827
0.433628,0.484759,0.0835792
0.446602,0.472816,0.0834951
0.423002,0.479532,0.104288
0.410959,0.51272,0.0782779
0.416346,0.504808,0.0855769
0.4258,0.494665,0.0814743
0.440117,0.465433,0.101266
0.454106,0.469565,0.0830918
0.45,0.479808,0.0798077
0.433852,0.495136,0.0729572
0.438953,0.487403,0.0784884
0.400782,0.494624,0.106549
0.440039,0.475822,0.0870406
0.428432,0.492697,0.0817916
0.379548,0.53884,0.086529
0.418447,0.51165,0.0728155
0.419417,0.499029,0.084466
0.433464,0.471624,0.0949119
0.421463,0.491707,0.0936585
0.418199,0.501452,0.0832527
0.438409,0.469447,0.0979631
0.418377,0.512219,0.0723363
0.444444,0.467836,0.0896686
0.446498,0.460117,0.0963035
0.41332,0.504407,0.0852106
0.444874,0.473888,0.0860735
0.4,0.515942,0.0869565
0.434018,0.492669,0.0772239
0.426782,0.485549,0.0915222
0.464423,0.454808,0.0855769
0.434146,0.484878,0.0809756
0.409756,0.49561,0.097561
0.42885,0.497076,0.0769981
0.447573,0.470874,0.0834951
0.406796,0.48835,0.11068
0.415534,0.5,0.0873786
0.439189,0.472973,0.0936293
0.425511,0.493671,0.0856865
0.408602,0.496579,0.0997067
0.413191,0.502425,0.0892338
0.458494,0.470077,0.0752896
0.406402,0.510184,0.0911736
0.447703,0.470186,0.0840665
0.409932,0.493671,0.0983447
0.447977,0.459538,0.0934489
0.428571,0.491313,0.0897683
0.417148,0.489403,0.0982659
0.450344,0.46706,0.0855457
0.406402,0.501455,0.0960233
0.435294,0.473529,0.0970588
0.441205,0.482021,0.0777454
0.42788,0.486931,0.0880929
0.440117,0.484907,0.0798442
0.42192,0.477207,0.104753
0.430502,0.466216,0.110039
0.463107,0.473786,0.0669903
0.419417,0.481553,0.100971
0.439962,0.492795,0.0720461
0.417154,0.488304,0.0994152
0.447805,0.463415,0.0917073
0.452611,0.467118,0.0841393
0.456292,0.471662,0.0787704
0.449904,0.476879,0.0770713
0.411133,0.518555,0.0712891
0.455513,0.455513,0.0938104
0.43065,0.489816,0.0814743
0.434698,0.487329,0.0808967
0.434236,0.478723,0.0928433
0.42171,0.490874,0.0960615
0.418129,0.497076,0.088694
0.454017,0.459826,0.090029
0.435203,0.470986,0.0996132
0.464734,0.455072,0.0821256
0.43272,0.478219,0.0909971
0.441205,0.47036,0.090379
0.427734,0.487305,0.0878906
0.440349,0.488846,0.0746848
0.42549,0.482353,0.0960784
0.424125,0.493191,0.0885214
0.436523,0.480469,0.0917969
0.428852,0.486752,0.0873405
0.445631,0.464078,0.0951456
0.420797,0.490768,0.0932945
0.420696,0.494197,0.089942
0.438477,0.475586,0.0888672
0.449318,0.471735,0.082846
0.413693,0.479267,0.111861
0.422179,0.499027,0.0826848
0.419261,0.497082,0.0904669
0.467961,0.451456,0.084466
0.441883,0.495677,0.0643612
0.450433,0.46487,0.0895091
0.445305,0.464666,0.0958374
0.450581,0.475775,0.0775194
0.460425,0.451737,0.0897683
0.431335,0.49323,0.0783366
0.45561,0.46439,0.0839024
0.452199,0.456979,0.0927342
0.436222,0.486855,0.0827653
0.429833,0.482826,0.0912659
0.420039,0.478805,0.104046
0.444767,0.481589,0.0794574
0.414873,0.499022,0.0900196
0.425819,0.495183,0.0857418
0.42788,0.498548,0.0793804
0.420276,0.491142,0.0905512
0.442529,0.466475,0.0996169
0.422372,0.494696,0.0867888
0.439072,0.483559,0.082205
0.433852,0.492218,0.0787938
0.434995,0.488759,0.086999
0.434198,0.46878,0.100865
0.430233,0.487403,0.0872093
0.417881,0.495627,0.0913508
0.411143,0.50048,0.0970221
0.436837,0.480231,0.0858245
0.450732,0.463415,0.0907317
0.440039,0.471954,0.0947776
0.443369,0.475315,0.0832527
0.42483,0.482056,0.0940834
0.454012,0.46184,0.0861057
0.421359,0.500971,0.0796117
0.442289,0.483996,0.0756547
0.425388,0.481589,0.0949612
0.444664,0.47332,0.0839921
0.45648,0.461315,0.0851064
0.425388,0.48062,0.0988372
0.427175,0.486804,0.0879765
0.399614,0.519305,0.0859073
0.403288,0.510638,0.0928433
0.459804,0.466667,0.0745098
0.437622,0.490253,0.0779727
0.424805,0.507812,0.0722656
0.435374,0.48105,0.0864917
0.401163,0.497093,0.10562
0.42913,0.480938,0.0928641
0.431068,0.494175,0.0776699
0.419608,0.481373,0.101961
0.44358,0.464008,0.0992218
0.412221,0.487876,0.105723
0.424155,0.481159,0.0985507
0.435873,0.479267,0.0887175
0.40613,0.509579,0.0890805
0.404483,0.511696,0.088694
0.433171,0.475122,0.0926829
0.442197,0.486513,0.0799615
0.423225,0.5,0.0873321
0.428152,0.473118,0.0997067
0.428291,0.491159,0.0844794
0.43285,0.472464,0.0995169
0.416016,0.494141,0.0927734
0.434656,0.47241,0.0977735
0.460945,0.455159,0.0858245
0.423977,0.495127,0.082846
0.399423,0.496631,0.105871
0.424125,0.492218,0.0914397
0.425097,0.496109,0.0865759
0.435341,0.476802,0.0908193
0.426794,0.476555,0.103349
0.439922,0.481589,0.0833333
0.430515,0.47619,0.0942663
0.415534,0.498058,0.0883495
0.425388,0.491279,0.0852713
0.434442,0.471624,0.0968689
0.442927,0.463415,0.097561
0.42439,0.505366,0.0731707
0.418695,0.493671,0.0895813
0.424926,0.473994,0.104024
0.421463,0.505366,0.0760976
0.41691,0.49174,0.0932945
0.444337,0.47241,0.089061
0.412621,0.496117,0.0951456
0.405458,0.509747,0.0877193
0.433852,0.476654,0.0904669
0.430664,0.487305,0.0859375
0.431929,0.476004,0.0950049
0.453386,0.459274,0.0893032
0.446498,0.467899,0.0894942
0.428293,0.487805,0.0858537
0.431068,0.494175,0.0805825
0.432432,0.485521,0.0849421
0.417391,0.497585,0.0879227
0.447471,0.472763,0.0826848
0.430934,0.484436,0.0885214
0.440349,0.474297,0.0911736
0.442401,0.473379,0.089061
0.421616,0.485881,0.0954236
0.427184,0.493204,0.084466
0.447368,0.473684,0.079922
0.429268,0.476098,0.0985366
0.388672,0.519531,0.0957031
0.427593,0.484344,0.0890411
0.429122,0.458052,0.114754
0.422179,0.472763,0.109922
0.4125,0.503846,0.0894231
0.417954,0.482625,0.102317
0.402927,0.506341,0.0946341
0.391262,0.519417,0.0932039
0.438169,0.474197,0.0886076
0.451018,0.462658,0.0911736
0.424565,0.485493,0.0957447
0.448109,0.469447,0.085354
0.427184,0.472816,0.104854
0.443907,0.484526,0.0793037
0.42471,0.483591,0.0974903
0.421616,0.507303,0.0749757
0.408203,0.519531,0.0742188
0.440546,0.493177,0.0682261
0.419922,0.483398,0.0986328
0.408915,0.501938,0.0920543
0.426197,0.493646,0.0840665
0.438953,0.47093,0.0939922
0.404669,0.51751,0.0846304
0.416505,0.491262,0.100971
0.426614,0.493151,0.0841487
0.433109,0.485082,0.0885467
0.440233,0.480078,0.0845481
0.445946,0.488417,0.0694981
0.407551,0.50726,0.0880929
0.429833,0.490677,0.0804711
0.459485,0.463298,0.0829361
0.40634,0.493756,0.105668
0.429816,0.488867,0.0861568
0.42522,0.494624,0.0860215
0.434951,0.465049,0.101942
0.428571,0.490347,0.0859073
0.445854,0.462439,0.0956098
0.431929,0.480901,0.0891283
0.442064,0.474197,0.0866602
0.44305,0.480695,0.0810811
0.428432,0.476144,0.100292
0.42885,0.476608,0.0945419
0.430097,0.497087,0.0776699
0.418787,0.504892,0.0831703
0.420696,0.485493,0.0957447
0.449756,0.469268,0.0819512
0.396702,0.512124,0.0960233
0.473481,0.455159,0.0742527
0.405222,0.5,0.0976789
0.385672,0.505397,0.112856
0.463178,0.463178,0.0784884
0.428991,0.487757,0.0901077
0.423564,0.485881,0.0944499
0.425366,0.479024,0.097561
0.395122,0.508293,0.100488
0.43453,0.490786,0.0756547
0.434109,0.483527,0.0833333
0.445621,0.47642,0.0875842
0.446686,0.464938,0.0989433
0.420388,0.493204,0.0912621
0.416425,0.495652,0.094686
0.483092,0.429952,0.0888889
0.442607,0.478599,0.0807393
0.448242,0.454102,0.0976562
0.460794,0.461762,0.0832527
0.439846,0.473532,0.093359
0.411314,0.513902,0.0814957
0.427474,0.483189,0.0951009
0.430515,0.494655,0.079689
0.401567,0.49951,0.10284
0.420797,0.490768,0.090379
0.428571,0.479106,0.0952381
0.417734,0.503448,0.079803
0.42488,0.476555,0.100478
0.428295,0.484496,0.0930233
0.416342,0.499027,0.0914397
0.428019,0.500483,0.0772947
0.439497,0.46273,0.0997096
0.412221,0.504365,0.086324
0.420951,0.487876,0.0960233
0.445748,0.476051,0.083089
0.440039,0.480658,0.0831721
0.458778,0.456838,0.0872939
0.44043,0.459961,0.100586
0.441061,0.463654,0.0982318
0.43356,0.476237,0.0921435
0.398642,0.492726,0.114452
0.409002,0.499022,0.0968689
0.421359,0.48835,0.0951456
0.431335,0.497099,0.0754352
0.436047,0.483527,0.0833333
0.435078,0.481589,0.0862403
0.409884,0.482558,0.11531
0.425676,0.489382,0.0897683
0.441091,0.466407,0.0963973
0.433654,0.481731,0.0932692
0.408519,0.523717,0.0755082
0.428019,0.487923,0.0879227
0.40625,0.491211,0.106445
0.433594,0.478516,0.0917969
0.440976,0.48,0.0819512
0.417808,0.501957,0.0841487
0.429961,0.490272,0.0846304
0.460348,0.461315,0.0783366
0.415861,0.489362,0.098646
0.42549,0.477451,0.1
0.421815,0.509653,0.0733591
0.459459,0.459459,0.0878378
0.414729,0.507752,0.0872093
0.44868,0.470186,0.083089
0.447419,0.470363,0.085086
0.446377,0.482126,0.0772947
0.432302,0.507737,0.0686654
0.4372,0.467881,0.10163
0.454985,0.458858,0.089061
0.41683,0.497065,0.090998
0.441973,0.469052,0.089942
0.420078,0.505848,0.0818713
0.42259,0.49075,0.090555
0.421053,0.5,0.0838207
0.42131,0.495601,0.086999
0.435122,0.481951,0.084878
0.412451,0.480545,0.108949
0.436715,0.484058,0.0869565
0.416179,0.500975,0.0877193
0.451613,0.481916,0.0703812
0.436469,0.477207,0.0902037
0.437681,0.466667,0.0975845
0.427022,0.500986,0.0749507
0.42955,0.482387,0.0919765
0.396718,0.505792,0.0984556
0.400585,0.51462,0.0906433
0.4355,0.469447,0.099903
0.423564,0.493671,0.0886076
0.422027,0.484405,0.0955166
0.454283,0.461983,0.0895091
0.454633,0.473938,0.0830116
0.432039,0.495146,0.0757282
0.442591,0.472031,0.0873405
0.43617,0.480658,0.0841393
0.465251,0.456564,0.0820463
0.444123,0.478805,0.0799615
0.445298,0.478887,0.0806142
0.437255,0.488235,0.077451
0.430664,0.481445,0.0898438
0.417071,0.493695,0.0921435
0.454017,0.471442,0.0784124
0.445736,0.471899,0.0823643
0.42345,0.502907,0.0804264
0.436346,0.482993,0.0855199
0.432459,0.474247,0.0991254
0.434109,0.479651,0.0881783
0.428295,0.485465,0.0910853
0.421875,0.49707,0.0839844
0.464286,0.444981,0.0945946
0.430368,0.485493,0.0880077
0.451456,0.434951,0.115534
0.42607,0.4893,0.0894942
0.402111,0.497121,0.101727
0.411935,0.485082,0.110683
0.4148,0.488802,0.10224
0.429543,0.504373,0.0709427
0.433852,0.475681,0.0933852
0.431335,0.473888,0.098646
0.433852,0.477626,0.0904669
0.423265,0.484848,0.0918866
0.43038,0.488802,0.0876339
0.413628,0.497121,0.0902111
0.443259,0.467507,0.0940834
0.42171,0.503362,0.079731
0.428158,0.48891,0.0896818
0.416342,0.508755,0.0807393
0.413592,0.504854,0.0873786
0.419038,0.508342,0.0736016
0.408341,0.506305,0.0921435
0.444444,0.480193,0.0772947
0.439571,0.471735,0.0925926
0.435374,0.455782,0.110787
0.44477,0.464321,0.0957967
0.424565,0.501934,0.0783366
0.444227,0.472603,0.0900196
0.445748,0.467253,0.0918866
0.432459,0.478134,0.0942663
0.398239,0.5,0.103718
0.407191,0.484937,0.110787
0.448209,0.465634,0.089061
0.431448,0.47651,0.0949185
0.414634,0.484878,0.101463
0.460348,0.450677,0.0918762
0.438596,0.475634,0.0906433
0.465753,0.440313,0.0978474
0.431884,0.494686,0.0792271
0.456395,0.468023,0.0765504
0.420388,0.502913,0.0805825
0.421512,0.485465,0.0949612
0.436538,0.474038,0.0980769
0.418984,0.505273,0.0805369
0.416339,0.51378,0.0708661
0.432039,0.48835,0.0825243
0.446273,0.469506,0.0909971
0.460348,0.459381,0.0851064
0.424419,0.487403,0.0891473
0.413359,0.512101,0.0764763
0.439261,0.496599,0.0680272
0.418919,0.499035,0.0897683
0.472357,0.447139,0.0843841
0.42968,0.486906,0.085354
0.429672,0.49422,0.083815
0.462585,0.457726,0.0826045
0.414966,0.494655,0.090379
0.451988,0.472357,0.0775946
0.448109,0.468477,0.085354
0.411251,0.492726,0.099903
0.403116,0.499513,0.101266
0.431752,0.479187,0.0968054
0.431731,0.489423,0.0875
0.454017,0.474347,0.0755082
0.411368,0.50289,0.0934489
0.450732,0.466341,0.0829268
0.450145,0.464666,0.089061
0.435595,0.496559,0.0698132
0.441319,0.461688,0.099903
0.440727,0.476099,0.0889101
0.419981,0.480116,0.101843
0.44898,0.471331,0.0826045
0.45789,0.452081,0.0977735
0.423379,0.485265,0.0923379
0.408602,0.505376,0.0918866
0.413022,0.49174,0.101069
0.440694,0.497589,0.0713597
0.425511,0.485881,0.090555
0.429543,0.482021,0.090379
0.402355,0.509323,0.0902846
0.410506,0.498054,0.0924125
0.430664,0.488281,0.0859375
0.418945,0.494141,0.0888672
0.432879,0.483463,0.0856031
0.435873,0.486982,0.0810029
0.463768,0.448309,0.0917874
0.434825,0.487354,0.0817121
0.421359,0.48932,0.092233
0.414161,0.495635,0.0960233
0.40668,0.510806,0.0825147
0.406037,0.504382,0.0925024
0.438953,0.473837,0.0872093
0.432171,0.486434,0.0872093
0.423977,0.491228,0.088694
0.438766,0.477338,0.0848602
0.454721,0.476879,0.0741811
0.429833,0.486752,0.0853778
0.435547,0.460938,0.105469
0.414025,0.511047,0.0806916
0.444231,0.471154,0.0913462
0.45667,0.453749,0.0915287
0.413295,0.493256,0.0973025
0.432302,0.472921,0.0996132
0.417561,0.497561,0.0878049
0.453749,0.466407,0.0808179
0.422481,0.482558,0.0978682
0.430108,0.485826,0.086999
0.445829,0.449664,0.110259
0.449079,0.461688,0.0931135
0.438104,0.480658,0.0860735
0.415445,0.500489,0.0889541
0.428296,0.481232,0.0962464
0.426197,0.473118,0.103617
0.404297,0.527344,0.0712891
0.436538,0.468269,0.101923
0.421053,0.476608,0.106238
0.42439,0.503415,0.0760976
0.41165,0.496117,0.0951456
0.423002,0.499025,0.0808967
0.450292,0.464912,0.0877193
0.39461,0.522618,0.0856593
0.450867,0.463391,0.0895954
0.426485,0.463486,0.114898
0.411251,0.501455,0.0921435
0.434363,0.476834,0.0936293
0.428571,0.477833,0.0965517
0.436222,0.470302,0.0983447
0.416268,0.510048,0.0813397
0.424565,0.500967,0.0773694
0.411361,0.496572,0.0940255
0.450772,0.462355,0.0936293
0.4148,0.495618,0.090555
0.417636,0.500969,0.0833333
0.430097,0.486408,0.0883495
0.42677,0.490786,0.0824442
0.416185,0.49711,0.0924855
0.423892,0.489403,0.0934489
0.422439,0.484878,0.0936585
0.450433,0.461983,0.0952839
0.4258,0.487876,0.0911736
0.425944,0.496612,0.0832527
0.444553,0.461089,0.0953307
0.419355,0.506354,0.0772239
0.429119,0.477011,0.098659
0.42233,0.487379,0.092233
0.447573,0.459223,0.1
0.426341,0.485854,0.0936585
0.436069,0.486641,0.0877863
0.418129,0.480507,0.105263
0.396686,0.508772,0.0964912
0.429816,0.486931,0.0871249
0.473171,0.443902,0.0868293
0.413827,0.499513,0.090555
0.441006,0.467118,0.098646
0.430664,0.490234,0.0820312
0.44971,0.475822,0.0812379
0.410506,0.498054,0.0933852
0.431051,0.480231,0.0906461
0.447059,0.460784,0.0931373
0.445725,0.475504,0.0816523
0.445959,0.478092,0.0759494
0.424447,0.491819,0.0885467
0.43162,0.484966,0.0882638
0.443038,0.476144,0.0817916
0.413894,0.485323,0.104697
0.449854,0.462512,0.0944499
0.41691,0.480078,0.103984
0.4276,0.482021,0.0971817
0.43677,0.479572,0.0875486
0.427606,0.487452,0.0859073
0.447471,0.473735,0.0826848
0.43356,0.474297,0.0931135
0.436703,0.480864,0.0843965
0.456226,0.470817,0.0749027
0.418041,0.491756,0.0931135
0.422179,0.496109,0.0865759
0.458133,0.474495,0.0731473
0.442718,0.481553,0.076699
0.401367,0.491211,0.112305
0.4355,0.477207,0.0872939
0.382353,0.517647,0.102941
0.429672,0.483622,0.088632
0.416101,0.493695,0.0960233
0.427488,0.492891,0.0862559
0.44152,0.459064,0.10039
0.441724,0.474045,0.08619
0.442927,0.473171,0.0887805
0.427043,0.477626,0.0963035
0.420951,0.494665,0.0892338
0.412621,0.513592,0.0796117
0.419386,0.504798,0.0834933
0.413462,0.497115,0.0961538
0.441319,0.487876,0.0746848
0.427317,0.496585,0.0839024
0.444874,0.464217,0.0938104
0.411992,0.504836,0.0880077
0.442718,0.468932,0.0932039
0.424537,0.470302,0.105161
0.435798,0.481518,0.0856031
0.420951,0.502425,0.0785645
0.450923,0.451895,0.0991254
0.426485,0.496592,0.0817916
0.432171,0.49031,0.0813953
0.439922,0.475775,0.0901163
0.432432,0.5,0.0723938
0.424592,0.507205,0.074928
0.409091,0.503868,0.0967118
0.43301,0.490291,0.0786408
0.406402,0.507274,0.0902037
0.410853,0.501938,0.0959302
0.410557,0.499511,0.0948192
0.440117,0.474197,0.0886076
0.453839,0.461613,0.0884354
0.416263,0.483059,0.10455
0.419512,0.484878,0.103415
0.45789,0.450145,0.0929332
0.458858,0.466602,0.0774443
0.435973,0.469208,0.0977517
0.431353,0.505355,0.0652386
0.446169,0.461688,0.0979631
0.426901,0.486355,0.0916179
0.435673,0.465887,0.0994152
0.441973,0.473888,0.0870406
0.427734,0.487305,0.0859375
0.452335,0.455253,0.0963035
0.449079,0.451988,0.100873
0.435078,0.483527,0.0843023
0.414563,0.499029,0.0902913
0.434236,0.470986,0.098646
0.426357,0.47093,0.106589
0.432692,0.485577,0.0875
0.447907,0.46446,0.090555
0.40856,0.512646,0.0885214
0.424592,0.504323,0.0787704
0.435547,0.486328,0.0820312
0.430502,0.478764,0.0945946
0.43829,0.494655,0.0719145
0.44227,0.463796,0.0949119
0.448409,0.47541,0.0829315
0.437806,0.493634,0.0754163
0.423301,0.479612,0.101942
0.472115,0.450962,0.0855769
0.433464,0.496086,0.0782779
0.438409,0.471387,0.0950533
0.455253,0.444553,0.104086
0.402153,0.495108,0.104697
0.431599,0.477842,0.0924855
0.430664,0.492188,0.0791016
0.411133,0.490234,0.102539
0.415946,0.491835,0.0970221
0.421606,0.471319,0.108031
0.429543,0.483965,0.0874636
0.433908,0.480843,0.0890805
0.434698,0.466862,0.10039
0.431929,0.49951,0.0744368
0.421104,0.496612,0.0861568
0.410405,0.511561,0.0876686
0.428571,0.488824,0.0884354
0.445305,0.473379,0.0861568
0.428432,0.511198,0.0662123
0.444658,0.467757,0.0923965
0.431752,0.486931,0.0880929
0.427184,0.491262,0.0873786
0.431335,0.487427,0.082205
0.460194,0.448544,0.092233
0.428848,0.481123,0.0939013
0.45481,0.455782,0.0932945
0.469171,0.449904,0.0828516
0.438835,0.478641,0.0864078
0.406583,0.493708,0.102614
0.449275,0.470531,0.0859903
0.449136,0.473129,0.0834933
0.420643,0.496592,0.0847128
0.413255,0.499025,0.0916179
0.419512,0.486829,0.0956098
0.435421,0.488258,0.0792564
0.44477,0.474096,0.0821114
0.421965,0.49422,0.0867052
0.437255,0.491176,0.0735294
0.430502,0.480695,0.0926641
0.448242,0.469727,0.0888672
0.406583,0.510165,0.0842207
0.429543,0.472303,0.103984
0.41332,0.490695,0.0979432
0.430902,0.479846,0.0921305
0.439024,0.499512,0.0663415
0.425781,0.488281,0.0878906
0.422287,0.477028,0.104594
0.424565,0.46325,0.11412
0.418537,0.492683,0.0907317
0.419634,0.485082,0.102021
0.426087,0.494686,0.084058
0.416507,0.506718,0.0854127
0.433171,0.480976,0.0897561
0.435294,0.469608,0.0990196
0.430799,0.493177,0.0779727
0.433688,0.47241,0.0987415
0.417782,0.491396,0.0936902
0.407371,0.492726,0.103783
0.435294,0.484314,0.0833333
0.418605,0.479651,0.106589
0.39786,0.520428,0.0836576
0.452775,0.463486,0.0886076
0.422631,0.49323,0.0889749
0.413963,0.498525,0.0894789
0.4375,0.485577,0.0855769
0.44878,0.463415,0.0917073
0.458812,0.454981,0.0909962
0.436837,0.486017,0.0790743
0.440465,0.479187,0.0871249
0.437561,0.483059,0.0851888
0.43095,0.467189,0.106758
0.404276,0.52381,0.0758017
0.42549,0.49902,0.0794118
0.412051,0.488824,0.103013
0.449664,0.477469,0.0776606
0.431884,0.484058,0.0879227
0.42607,0.475681,0.0992218
0.43708,0.488953,0.0787704
0.427317,0.485854,0.0878049
0.420488,0.479024,0.101463
0.443137,0.481373,0.0754902
0.433398,0.484556,0.0897683
0.439189,0.478764,0.0859073
0.447703,0.459433,0.0967742
0.459381,0.462282,0.0831721
0.401347,0.483157,0.124158
0.433431,0.475219,0.0952381
0.378669,0.522505,0.0998043
0.423564,0.486855,0.0915287
0.441292,0.477495,0.0812133
0.43259,0.483996,0.0882638
0.411251,0.508244,0.085354
0.416263,0.50726,0.0784124
0.464147,0.466085,0.0736434
0.433723,0.475634,0.0945419
0.470019,0.443907,0.0918762
0.454457,0.472868,0.0804264
0.425097,0.492218,0.0846304
0.418672,0.497594,0.0904716
0.44027,0.474952,0.0905588
0.450581,0.468992,0.0881783
0.401537,0.501441,0.102786
0.411479,0.499027,0.0953307
0.463035,0.470817,0.0710117
0.440661,0.479572,0.0817121
0.441838,0.467253,0.0967742
0.405248,0.510204,0.0884354
0.399034,0.507246,0.0995169
0.4276,0.48688,0.0913508
0.417231,0.493708,0.0909971
0.428295,0.49031,0.0823643
0.430368,0.49323,0.0802708
0.436647,0.475634,0.0906433
0.458537,0.457561,0.0868293
0.396857,0.522593,0.0874263
0.446498,0.47179,0.0836576
0.427308,0.495088,0.0795678
0.438835,0.478641,0.0883495
0.416185,0.49711,0.0905588
0.429126,0.486408,0.0902913
0.404692,0.504399,0.0948192
0.417881,0.494655,0.090379
0.451267,0.468811,0.082846
0.42774,0.497575,0.0834142
0.451895,0.464529,0.0864917
0.414062,0.507812,0.0800781
0.434995,0.474096,0.0938416
0.462874,0.454195,0.0906461
0.43695,0.478006,0.0879765
0.451267,0.469786,0.08577
0.445959,0.447907,0.106134
0.426758,0.494141,0.0800781
0.410156,0.500977,0.0927734
0.452849,0.467583,0.0874263
0.423415,0.50439,0.08
0.417954,0.5,0.0878378
0.431373,0.486275,0.0872549
0.435248,0.471276,0.101266
0.421256,0.499517,0.084058
0.420898,0.479492,0.102539
0.4372,0.488015,0.0786194
0.429688,0.479492,0.0947266
0.421359,0.48835,0.0980583
0.44027,0.489403,0.0741811
0.399221,0.50925,0.0925024
0.426641,0.486486,0.0888031
0.425388,0.5,0.0794574
0.426901,0.505848,0.0721248
0.403715,0.495601,0.107527
0.419512,0.498537,0.0819512
0.437137,0.473888,0.0918762
0.418041,0.495635,0.0882638
0.446169,0.452958,0.100873
0.405248,0.505345,0.0952381
0.411535,0.490714,0.100684
0.420388,0.494175,0.0951456
0.465251,0.439189,0.100386
0.428986,0.492754,0.0811594
0.440945,0.468504,0.0935039
0.417636,0.508721,0.0784884
0.449177,0.446273,0.111326
0.441748,0.458252,0.101942
0.403696,0.501946,0.098249
0.446933,0.45667,0.0993184
0.412451,0.505837,0.0875486
0.432327,0.481013,0.0886076
0.444551,0.475143,0.082218
0.433759,0.47792,0.0922473
0.428571,0.488417,0.0868726
0.417076,0.497547,0.0883219
0.465833,0.46102,0.0798845
0.453757,0.453757,0.0973025
0.442718,0.469903,0.0893204
0.420898,0.490234,0.0898438
0.430515,0.48105,0.0923226
0.447036,0.472303,0.0835763
0.432459,0.483965,0.0884354
0.443804,0.466859,0.092219
0.41683,0.503914,0.0851272
0.412221,0.487876,0.104753
0.436346,0.482021,0.0874636
0.432146,0.483157,0.0904716
0.431085,0.484848,0.0860215
0.427746,0.474952,0.0992293
0.411594,0.502415,0.0888889
0.43804,0.49952,0.0720461
0.403526,0.50049,0.100881
0.398649,0.498069,0.106178
0.453831,0.475442,0.0756385
0.431487,0.490768,0.079689
0.432302,0.482592,0.0880077
0.414751,0.484674,0.109195
0.404462,0.515034,0.0834142
0.43453,0.477207,0.0960233
0.425944,0.480155,0.0987415
0.411306,0.495127,0.0974659
0.447139,0.461688,0.0950533
0.43738,0.478805,0.0915222
0.449416,0.472763,0.0817121
0.436098,0.468293,0.0965854
0.403086,0.502411,0.100289
0.446602,0.462136,0.0951456
0.429268,0.48,0.0926829
0.438049,0.463415,0.101463
0.413359,0.49758,0.0968054
0.418288,0.507782,0.0797665
0.428434,0.477426,0.0999039
0.419011,0.503395,0.085354
0.419103,0.488304,0.0935673
0.442085,0.485521,0.0772201
0.43301,0.472816,0.0980583
0.423484,0.510106,0.0702599
0.413793,0.483716,0.111111
0.438169,0.47517,0.0944499
0.464912,0.45614,0.082846
0.423564,0.486855,0.0925024
0.420744,0.516634,0.0645793
0.449756,0.48,0.0770732
0.423484,0.504331,0.0741097
0.41537,0.484436,0.100195
0.425926,0.505848,0.0740741
0.425944,0.489835,0.089061
0.432353,0.482353,0.0882353
0.439096,0.471513,0.0913556
0.43457,0.485352,0.0849609
0.42885,0.481481,0.0906433
0.432749,0.471735,0.0964912
0.435453,0.474952,0.0915222
0.440117,0.479065,0.0876339
0.419417,0.501942,0.0805825
0.463343,0.461388,0.0762463
0.454634,0.468293,0.0809756
0.430636,0.475915,0.100193
0.435328,0.478764,0.0888031
0.412621,0.492233,0.0990291
0.455598,0.474903,0.0752896
0.447445,0.480231,0.0781099
0.4276,0.487852,0.0884354
0.445312,0.476562,0.0810547
0.43314,0.48062,0.0910853
0.435078,0.479651,0.0901163
0.426641,0.48166,0.0936293
0.441724,0.457395,0.10284
0.416346,0.501923,0.0894231
0.412621,0.497087,0.0932039
0.428991,0.496572,0.079334
0.416342,0.488327,0.100195
0.435328,0.484556,0.0878378
0.42968,0.474297,0.0989331
0.42289,0.490786,0.0902037
0.42885,0.481481,0.0935673
0.448643,0.452519,0.100775
0.429543,0.488824,0.0855199
0.425511,0.480039,0.100292
0.429961,0.484436,0.0933852
0.424537,0.486855,0.0963973
0.419981,0.480116,0.105723
0.419167,0.488867,0.0958374
0.45667,0.449854,0.0944499
0.453749,0.453749,0.0954236
0.45155,0.459302,0.0910853
0.447036,0.47619,0.079689
0.422439,0.490732,0.0946341
0.403883,0.513592,0.0873786
0.44112,0.464286,0.0965251
0.416828,0.500967,0.089942
0.411025,0.5,0.0947776
0.433301,0.47517,0.0944499
0.437928,0.478983,0.086999
0.427885,0.490385,0.0846154
0.450338,0.46866,0.0887175
0.423977,0.488304,0.0906433
0.431774,0.466862,0.105263
0.415205,0.473684,0.114035
0.423188,0.489855,0.0879227
0.409091,0.502901,0.0918762
0.42607,0.493191,0.0865759
0.435973,0.462366,0.106549
0.439922,0.482558,0.0843023
0.43259,0.487876,0.0824442
0.438049,0.483902,0.084878
0.423712,0.496599,0.0835763
0.439379,0.476237,0.0872939
0.446583,0.477382,0.0818094
0.434109,0.482558,0.0852713
0.445959,0.477118,0.0769231
0.442197,0.479769,0.083815
0.436222,0.471276,0.0954236
0.407625,0.506354,0.0918866
0.408738,0.517476,0.0786408
0.444656,0.475191,0.0887405
0.434034,0.483748,0.0908222
0.452683,0.473171,0.0780488
0.411025,0.50677,0.0909091
0.453568,0.45259,0.0987292
0.431862,0.479846,0.0911708
0.425962,0.477885,0.1
0.41001,0.484119,0.109721
0.434402,0.484937,0.0845481
0.441546,0.478261,0.0850242
0.415354,0.501969,0.0846457
0.437864,0.482524,0.0815534
0.4276,0.488824,0.0894072
0.453216,0.465887,0.0847953
0.445312,0.483398,0.0771484
0.422179,0.47179,0.110895
0.435749,0.47343,0.0975845
0.453488,0.458333,0.0920543
0.417722,0.491723,0.0944499
0.445631,0.466019,0.0941748
0.414132,0.497547,0.09421
0.432381,0.487619,0.0866667
0.396887,0.508755,0.098249
0.460333,0.4476,0.0950049
0.444767,0.462209,0.0968992
0.412109,0.495117,0.0947266
0.428983,0.461612,0.114203
0.425511,0.485881,0.090555
0.400771,0.509634,0.0915222
0.439118,0.469799,0.096836
0.425121,0.48599,0.0956522
0.45183,0.461464,0.0915222
0.41537,0.494163,0.098249
0.442064,0.46446,0.0983447
0.439806,0.481553,0.0864078
0.425656,0.489796,0.0894072
0.436523,0.478516,0.0878906
0.429406,0.481013,0.0895813
0.421722,0.514677,0.0645793
0.420488,0.485854,0.0936585
0.44152,0.446394,0.114035
0.416912,0.507375,0.0825959
0.42788,0.468538,0.107454
0.447907,0.47517,0.0798442
0.426901,0.491228,0.0867446
0.44112,0.484556,0.0752896
0.412791,0.502907,0.0872093
0.404462,0.510184,0.0892338
0.412104,0.497598,0.0941402
0.447241,0.483059,0.0774443
0.424272,0.498058,0.084466
0.448077,0.469231,0.0855769
0.432459,0.468416,0.102041
0.402355,0.510304,0.0902846
0.421965,0.489403,0.0953757
0.398849,0.510067,0.0939597
0.435873,0.480231,0.0906461
0.452683,0.454634,0.0936585
0.4276,0.51312,0.0660836
0.420488,0.491707,0.0917073
0.408163,0.505345,0.090379
0.416667,0.502907,0.0843023
0.407984,0.495618,0.0983447
0.417636,0.478682,0.10562
0.447471,0.481518,0.0729572
0.424155,0.49372,0.0850242
0.401163,0.50969,0.0920543
0.422287,0.493646,0.0889541
0.423002,0.490253,0.0877193
0.4355,0.480116,0.0902037
0.439689,0.472763,0.0933852
0.421815,0.493243,0.0888031
0.444553,0.462062,0.0963035
0.426912,0.485963,0.0909971
0.454102,0.451172,0.0957031
0.408696,0.515942,0.0811594
0.437864,0.479612,0.0893204
0.414986,0.510086,0.079731
0.426214,0.499029,0.0796117
0.422631,0.490329,0.089942
0.430502,0.488417,0.0859073
0.444658,0.469682,0.093359
0.434868,0.496572,0.0714985
0.438169,0.481986,0.0827653
0.43356,0.491756,0.0824442
0.437561,0.484995,0.0813166
0.450485,0.450485,0.1
0.435248,0.477118,0.0934761
0.417636,0.503876,0.0843023
0.432485,0.478474,0.0958904
0.403715,0.482893,0.117302
0.443249,0.445205,0.113503
0.446377,0.468599,0.0917874
0.447674,0.466085,0.0910853
0.40411,0.519569,0.0792564
0.425695,0.489933,0.093001
0.427053,0.468599,0.107246
0.417808,0.494129,0.0939335
0.401361,0.49174,0.1069
0.44858,0.460333,0.0940255
0.434656,0.46273,0.105518
0.424447,0.47642,0.102984
0.466411,0.434741,0.100768
0.449756,0.460488,0.0946341
0.452148,0.481445,0.0722656
0.406433,0.5,0.0984405
0.443369,0.463698,0.0977735
0.424008,0.496612,0.0832527
0.431051,0.497589,0.0771456
0.444553,0.467899,0.0885214
0.414966,0.499514,0.0913508
0.418762,0.505803,0.0802708
0.42304,0.475315,0.10455
0.443038,0.463486,0.0983447
0.414132,0.495584,0.09421
0.424684,0.499514,0.0835763
0.423598,0.501934,0.0783366
0.422135,0.492654,0.0891283
0.435203,0.480658,0.0928433
0.412451,0.4893,0.10214
0.425781,0.478516,0.100586
0.425366,0.500488,0.0780488
0.42131,0.494624,0.0860215
0.444336,0.477539,0.0810547
0.433981,0.483495,0.0873786
0.439922,0.488372,0.0736434
0.413994,0.479106,0.110787
0.420176,0.488737,0.0910872
0.44347,0.483431,0.0789474
0.429264,0.486434,0.0891473
0.429961,0.491245,0.0807393
0.433908,0.488506,0.0871648
0.399229,0.503375,0.100289
0.461759,0.439771,0.104207
0.388616,0.519136,0.0932287
0.41683,0.515656,0.0733855
0.442607,0.477626,0.0807393
0.437743,0.464008,0.10214
0.405485,0.501469,0.0959843
0.400774,0.505324,0.0987415
0.439528,0.486726,0.0786627
0.422481,0.48062,0.100775
0.431884,0.490821,0.0811594
0.423188,0.500483,0.0830918
0.446621,0.470127,0.0852106
0.446933,0.47517,0.083739
0.422372,0.492768,0.0896818
0.447241,0.486931,0.071636
0.443907,0.470019,0.0909091
0.449951,0.47036,0.0816327
0.416263,0.509197,0.0861568
0.410557,0.507331,0.0879765
0.417476,0.51068,0.0776699
0.421104,0.480155,0.102614
0.421616,0.487829,0.0925024
0.425781,0.5,0.0791016
0.44466,0.460194,0.0980583
0.45183,0.453757,0.0973025
0.45481,0.464529,0.0874636
0.438596,0.483431,0.0838207
0.413255,0.482456,0.105263
0.447115,0.477885,0.0836538
0.419922,0.504883,0.078125
0.421408,0.490839,0.0916104
0.415205,0.483431,0.103314
0.442383,0.47168,0.0898438
0.421616,0.489776,0.0895813
0.450433,0.485082,0.0702599
0.468208,0.454721,0.083815
0.465634,0.456922,0.0813166
0.450635,0.465298,0.0899316
0.442512,0.474396,0.0879227
0.397274,0.514119,0.0954236
0.436047,0.493217,0.0755814
0.474495,0.461983,0.0673725
0.423828,0.483398,0.0947266
0.40918,0.5,0.09375
0.445516,0.48216,0.0761813
0.444985,0.454722,0.103213
0.454898,0.459748,0.0892338
0.453307,0.456226,0.0972763
0.407011,0.492697,0.10224
0.414161,0.508244,0.085354
0.441205,0.47036,0.090379
0.426614,0.484344,0.0919765
0.421104,0.49274,0.0871249
0.460577,0.448077,0.0942308
0.440233,0.455782,0.107872
0.447368,0.461988,0.0935673
0.450772,0.475869,0.0810811
0.438356,0.46184,0.0998043
0.42386,0.488846,0.0940834
0.443369,0.480155,0.0813166
0.453033,0.459883,0.0900196
0.446064,0.480078,0.0787172
0.430515,0.473275,0.0981535
0.441748,0.496117,0.0650485
0.420388,0.48932,0.0951456
0.428012,0.471107,0.10284
0.403475,0.503861,0.0965251
0.423679,0.491194,0.0890411
0.476237,0.448109,0.0775946
0.429825,0.494152,0.0769981
0.449951,0.445092,0.107872
0.401751,0.504864,0.103113
0.394917,0.507331,0.104594
0.424951,0.484405,0.0916179
0.439024,0.469268,0.0946341
0.412451,0.504864,0.0875486
0.409091,0.501934,0.0928433
0.444552,0.455159,0.105111
0.435122,0.492683,0.0760976
0.44027,0.485549,0.0780347
0.42955,0.48728,0.0900196
0.473327,0.452958,0.0795344
0.427043,0.488327,0.0914397
0.442829,0.458333,0.100775
0.427326,0.488372,0.0862403
0.417551,0.507232,0.0867888
0.430902,0.482726,0.0902111
0.435421,0.477495,0.0900196
0.425121,0.467633,0.109179
0.413397,0.500478,0.0909091
0.437318,0.483965,0.0806608
0.419038,0.491658,0.0902846
0.416503,0.494106,0.0903733
0.419417,0.502913,0.0834951
0.45534,0.450485,0.0980583
0.423564,0.483934,0.097371
0.419729,0.478723,0.105416
0.39569,0.515181,0.0910872
0.405797,0.496618,0.0995169
0.435203,0.482592,0.0870406
0.427184,0.48835,0.0854369
0.420233,0.496109,0.0904669
0.428016,0.496109,0.0836576
0.411594,0.495652,0.0975845
0.436293,0.471042,0.0984556
0.437561,0.474347,0.0929332
0.430368,0.49323,0.0802708
0.40622,0.51312,0.0845481
0.437439,0.464597,0.100873
0.421905,0.480952,0.102857
0.437561,0.47241,0.0909971
0.423188,0.48599,0.0956522
0.424684,0.505345,0.0738581
0.435078,0.48062,0.0901163
0.409789,0.487524,0.102687
0.416828,0.505803,0.0793037
0.414563,0.507767,0.0834951
0.433526,0.454721,0.114644
0.402941,0.495098,0.104902
0.416023,0.477799,0.111969
0.442512,0.47343,0.0927536
0.422179,0.48249,0.0963035
0.428432,0.470302,0.105161
0.458252,0.460194,0.0873786
0.44477,0.468231,0.0879765
0.440117,0.455696,0.111003
0.450287,0.448375,0.107075
0.407625,0.504399,0.0889541
0.391683,0.51354,0.0996132
0.460501,0.45183,0.0924855
0.447703,0.469208,0.085044
0.425243,0.5,0.0805825
0.405769,0.5,0.0980769
0.410331,0.501949,0.0906433
0.426758,0.478516,0.0957031
0.438647,0.47343,0.0927536
0.42451,0.481373,0.0980392
0.395349,0.507752,0.100775
0.444444,0.460039,0.0955166
0.42304,0.487899,0.0909971
0.427326,0.497093,0.0784884
0.452775,0.454722,0.0954236
0.447805,0.459512,0.0965854
0.414093,0.494208,0.0955598
0.400387,0.511605,0.0889749
0.414062,0.495117,0.0917969
0.428571,0.493768,0.0805369
0.457808,0.462658,0.0843841
0.419884,0.500965,0.0849421
0.436346,0.49174,0.0738581
0.435034,0.482194,0.0866218
0.440117,0.480039,0.0847128
0.428848,0.491772,0.0813166
0.441233,0.472062,0.0895954
0.435749,0.478261,0.0908213
0.437318,0.480078,0.0845481
0.445516,0.48216,0.0819672
0.45245,0.471662,0.0826129
0.434575,0.468959,0.105062
0.424242,0.492669,0.085044
0.399024,0.489756,0.11122
0.413022,0.496599,0.0923226
0.419103,0.483431,0.10039
0.447907,0.470302,0.0847128
0.433723,0.490253,0.079922
0.420696,0.502901,0.082205
0.405432,0.511154,0.0872939
0.44868,0.473118,0.0821114
0.398649,0.51834,0.0897683
0.431335,0.495164,0.0783366
0.444121,0.467444,0.0923226
0.413127,0.505792,0.0849421
0.41691,0.49757,0.0932945
0.428846,0.470192,0.104808
0.433723,0.486355,0.0847953
0.467444,0.440233,0.0932945
0.441609,0.479882,0.0804711
0.422072,0.488867,0.0968054
0.446933,0.457644,0.103213
0.429816,0.477251,0.0977735
0.431051,0.48891,0.0858245
0.450338,0.467695,0.0877531
0.427734,0.499023,0.0751953
0.431579,0.486124,0.0870813
0.418853,0.496599,0.0864917
0.453846,0.475962,0.0788462
0.436047,0.478682,0.0891473
0.426901,0.488304,0.0896686
0.420488,0.505366,0.0770732
0.416667,0.487403,0.0978682
0.416179,0.489279,0.0994152
0.42451,0.497059,0.0823529
0.422481,0.497093,0.0862403
0.411992,0.491296,0.0996132
0.449904,0.469171,0.0847784
0.442815,0.458456,0.100684
0.42345,0.500969,0.0823643
0.419574,0.484496,0.100775
0.438786,0.479922,0.0842311
0.442623,0.484089,0.0771456
0.444019,0.458373,0.104306
0.419847,0.496183,0.0916031
0.415774,0.492697,0.0944499
0.441609,0.464181,0.0991168
0.421359,0.478641,0.101942
0.425762,0.482793,0.0924287
0.421463,0.482927,0.103415
0.446411,0.46706,0.0904621
0.410906,0.495618,0.097371
0.424419,0.483527,0.0949612
0.407805,0.506341,0.0878049
0.452081,0.45789,0.0919652
0.442607,0.470817,0.0885214
0.418025,0.517737,0.0709492
0.428012,0.483839,0.0901077
0.454371,0.477426,0.0720461
0.407336,0.491313,0.106178
0.430368,0.491296,0.0812379
0.423712,0.490768,0.0874636
0.413994,0.500486,0.0884354
0.44605,0.470135,0.088632
0.448544,0.479612,0.0737864
0.454894,0.455854,0.0921305
0.441091,0.487829,0.0769231
0.442308,0.459615,0.101923
0.44868,0.469208,0.083089
0.421154,0.5,0.0817308
0.447498,0.468106,0.0873405
0.426341,0.496585,0.0819512
0.427043,0.500973,0.0749027
0.457726,0.450923,0.0923226
0.434363,0.476834,0.0926641
0.424565,0.478723,0.098646
0.410853,0.495155,0.101744
0.422287,0.486804,0.0918866
0.431353,0.484907,0.0886076
0.456922,0.454017,0.0919652
0.420898,0.481445,0.0986328
0.404878,0.515122,0.0819512
0.444878,0.477073,0.0858537
0.417867,0.509126,0.0826129
0.43304,0.487781,0.0821114
0.424272,0.499029,0.0825243
0.43804,0.477426,0.0883766
0.445525,0.479572,0.0787938
0.422481,0.485465,0.100775
0.428295,0.497093,0.0813953
0.408163,0.494655,0.100097
0.451644,0.472921,0.0783366
0.411708,0.494242,0.102687
0.435824,0.494253,0.0785441
0.430784,0.473379,0.100678
0.44347,0.471735,0.088694
0.450867,0.444123,0.108863
0.459615,0.450962,0.0951923
0.429268,0.497561,0.08
0.403661,0.50289,0.0963391
0.39961,0.510721,0.0945419
0.428158,0.485053,0.0935391
0.426758,0.485352,0.0898438
0.42607,0.494163,0.0797665
0.439883,0.467253,0.0967742
0.427606,0.494208,0.0859073
0.407869,0.482726,0.117083
0.44186,0.47093,0.0901163
0.437259,0.488417,0.0772201
0.422414,0.478927,0.10249
0.444553,0.481518,0.07393
0.421463,0.48,0.103415
0.418447,0.499029,0.0893204
0.433888,0.479922,0.0901077
0.416828,0.490329,0.098646
0.415938,0.490768,0.0971817
0.414327,0.49274,0.0939013
0.411197,0.509653,0.0868726
0.431353,0.47517,0.097371
0.45428,0.461089,0.0875486
0.440891,0.491279,0.0726744
0.435577,0.488462,0.0817308
0.447036,0.466472,0.0864917
0.427459,0.506329,0.0691334
0.442401,0.487899,0.0726041
0.448039,0.471569,0.0862745
0.431641,0.475586,0.0927734
0.429961,0.479572,0.094358
0.435973,0.484848,0.0801564
0.435078,0.485465,0.0813953
0.42968,0.492726,0.0834142
0.443369,0.491772,0.0687318
0.431507,0.484344,0.0900196
0.421053,0.489279,0.0945419
0.451859,0.481411,0.0734032
0.438905,0.490714,0.0752688
0.427308,0.480354,0.0962672
0.406977,0.516473,0.0794574
0.422481,0.483527,0.0998062
0.433269,0.485493,0.0870406
0.424537,0.488802,0.0866602
0.432432,0.471042,0.103282
0.388834,0.535749,0.079334
0.420797,0.499514,0.0855199
0.408696,0.501449,0.0937198
0.436119,0.477426,0.0941402
0.434995,0.478983,0.0889541
0.427043,0.487354,0.0885214
0.43453,0.493695,0.0775946
0.431051,0.485053,0.0867888
0.434656,0.479187,0.0929332
0.442177,0.464529,0.0942663
0.448008,0.482021,0.0738581
0.403337,0.520118,0.0785083
0.425265,0.506268,0.072324
0.437137,0.487427,0.0831721
0.398445,0.52381,0.0845481
0.405273,0.494141,0.102539
0.468477,0.465567,0.070805
0.390883,0.514064,0.103783
0.424301,0.492768,0.0887175
0.44305,0.485521,0.0762548
0.441634,0.496109,0.0671206
0.400579,0.490347,0.111969
0.447266,0.470703,0.0830078
0.445631,0.476699,0.0825243
0.412391,0.504356,0.0842207
0.430221,0.481232,0.0972089
0.434741,0.488484,0.0863724
0.437928,0.473118,0.0909091
0.447343,0.458937,0.0966184
0.418288,0.501946,0.0826848
0.408063,0.518191,0.0747296
0.431641,0.477539,0.0947266
0.42259,0.495618,0.0827653
0.408872,0.523626,0.0732883
0.395326,0.515093,0.0954236
0.430097,0.478641,0.0961165
0.425926,0.489279,0.0867446
0.442157,0.477451,0.0833333
0.439883,0.484848,0.0811339
0.423002,0.495127,0.0847953
0.426357,0.468992,0.110465
0.428158,0.481196,0.0983607
0.406829,0.516098,0.08
0.438278,0.476555,0.0937799
0.420951,0.489816,0.0979631
0.416748,0.479065,0.107108
0.462209,0.465116,0.0726744
0.415459,0.501449,0.0908213
0.45789,0.468538,0.0803485
0.434236,0.484526,0.0860735
0.454457,0.464147,0.0852713
0.421569,0.488235,0.0921569
0.421206,0.477626,0.107004
0.425552,0.489914,0.0902978
0.430664,0.486328,0.0888672
0.419417,0.496117,0.0883495
0.453398,0.47767,0.0786408
0.438343,0.477842,0.0915222
0.436715,0.482126,0.0859903
0.405014,0.500482,0.099325
0.446169,0.462658,0.0950533
0.436346,0.483965,0.0845481
0.428711,0.49707,0.0751953
0.451988,0.465567,0.085354
0.419574,0.503876,0.0804264
0.413926,0.494197,0.0967118
0.446394,0.475634,0.082846
0.474806,0.450581,0.0765504
0.429264,0.495155,0.0813953
0.435294,0.481373,0.0862745
0.457198,0.467899,0.0768482
0.432195,0.466341,0.105366
0.424125,0.499027,0.0836576
0.433269,0.480658,0.089942
0.429264,0.488372,0.0862403
0.430966,0.490138,0.0808679
0.443259,0.472357,0.0911736
0.439453,0.470703,0.0957031
0.402534,0.487329,0.111111
0.43301,0.491262,0.0776699
0.44058,0.468599,0.0966184
0.446394,0.461014,0.0964912
0.424805,0.491211,0.0849609
0.431335,0.48646,0.0860735
0.42233,0.492233,0.0883495
0.411025,0.48646,0.105416
0.421512,0.506783,0.0804264
0.416016,0.494141,0.0947266
0.437739,0.481801,0.0890805
0.4,0.514563,0.0893204
0.442308,0.490385,0.0740385
0.457198,0.479572,0.0671206
0.436399,0.473581,0.0949119
0.427746,0.493256,0.0857418
0.419574,0.492248,0.0910853
0.448444,0.469844,0.0846304
0.418515,0.491803,0.0916104
0.439335,0.475538,0.0890411
0.433981,0.487379,0.0864078
0.445199,0.464597,0.0931135
0.444015,0.485521,0.0743243
0.413827,0.507303,0.083739
0.439922,0.460271,0.103682
0.43259,0.479146,0.0911736
0.411133,0.491211,0.101562
0.439922,0.479651,0.0862403
0.435922,0.485437,0.0864078
0.401367,0.509766,0.0927734
0.450962,0.449038,0.103846
0.443902,0.474146,0.0868293
0.412791,0.495155,0.0968992
0.427729,0.474926,0.0993117
0.440039,0.481625,0.0851064
0.41256,0.495652,0.0966184
0.414493,0.508213,0.0801932
0.442401,0.474347,0.0851888
0.453757,0.466281,0.083815
0.433594,0.462891,0.106445
0.449038,0.4625,0.0980769
0.44971,0.467118,0.0870406
0.448141,0.469667,0.0870841
0.428991,0.485798,0.0871694
0.420643,0.492697,0.0925024
0.44888,0.468354,0.0847128
0.421815,0.494208,0.0878378
0.435798,0.490272,0.0749027
0.454721,0.465318,0.0809249
0.439497,0.475315,0.089061
0.444976,0.476555,0.0822967
0.433526,0.481696,0.0915222
0.441433,0.481123,0.0861568
0.460177,0.449361,0.093412
0.451172,0.464844,0.0869141
0.418447,0.494175,0.0932039
0.45428,0.470817,0.0807393
0.43285,0.492754,0.0801932
0.415938,0.51312,0.079689
0.43314,0.494186,0.0804264
0.413022,0.500486,0.0913508
0.437681,0.47343,0.0898551
0.43038,0.473223,0.10224
0.421769,0.501458,0.0806608
0.475775,0.437984,0.0872093
0.414493,0.498551,0.0908213
0.398058,0.529126,0.0796117
0.431599,0.484586,0.0905588
0.445525,0.476654,0.0826848
0.429672,0.486513,0.0895954
0.430515,0.492711,0.0806608
0.450677,0.473888,0.0783366
0.4476,0.471107,0.0832517
0.421769,0.487852,0.0932945
0.40411,0.514677,0.0821918
0.42913,0.482893,0.0899316
0.439072,0.467118,0.098646
0.445419,0.465887,0.0935673
0.432879,0.501946,0.0680934
0.434236,0.500967,0.0676983
0.451895,0.457726,0.0932945
0.452703,0.466216,0.0820463
0.43677,0.4893,0.0807393
0.4375,0.467773,0.0976562
0.423712,0.498542,0.0787172
0.434402,0.478134,0.0932945
0.410906,0.513145,0.0788705
0.423115,0.494613,0.0881489
0.405039,0.516473,0.0852713
0.417561,0.48878,0.0985366
0.410382,0.503428,0.0891283
0.397101,0.522705,0.0830918
0.434656,0.480155,0.0880929
0.419884,0.500965,0.0839768
0.401942,0.495146,0.105825
0.409533,0.497082,0.094358
0.417881,0.48688,0.102041
0.418377,0.490714,0.0948192
0.448544,0.471845,0.0834951
0.445087,0.474952,0.0857418
0.428571,0.475538,0.0958904
0.417071,0.483026,0.101843
0.436293,0.477799,0.0926641
0.425781,0.495117,0.0839844
0.390411,0.527397,0.0861057
0.408301,0.489382,0.106178
0.454017,0.46757,0.0803485
0.458373,0.472727,0.077512
0.449854,0.480039,0.0759494
0.423977,0.479532,0.102339
0.422812,0.481809,0.0983284
0.41537,0.495136,0.094358
0.434615,0.488462,0.0807692
0.439261,0.48105,0.0835763
0.449756,0.468293,0.0868293
0.397695,0.513929,0.0951009
0.438835,0.476699,0.0873786
0.407729,0.520773,0.0811594
0.412221,0.502425,0.0921435
0.429119,0.482759,0.0957854
0.454191,0.469786,0.079922
0.393822,0.509653,0.102317
0.440233,0.475219,0.0884354
0.430221,0.488932,0.0885467
0.42131,0.476051,0.105572
0.429406,0.473223,0.100292
0.416263,0.496612,0.0909971
0.431907,0.48249,0.0914397
0.413462,0.503846,0.0884615
0.440613,0.467433,0.098659
0.436346,0.484937,0.0826045
0.443696,0.475457,0.0885467
0.434146,0.487805,0.0819512
0.442927,0.468293,0.0936585
0.444121,0.482021,0.0787172
0.447876,0.472008,0.0878378
0.387003,0.509214,0.105723
0.403257,0.508621,0.0929119
0.429942,0.484645,0.0930902
0.431884,0.468599,0.105314
0.403492,0.492726,0.110572
0.410331,0.501949,0.0896686
0.440117,0.470302,0.0944499
0.424565,0.483559,0.0947776
0.455166,0.463938,0.0877193
0.431884,0.475362,0.0975845
0.418288,0.491245,0.094358
0.436416,0.468208,0.101156
0.428432,0.496592,0.0778968
0.449373,0.469624,0.0896818
0.432327,0.488802,0.083739
0.426341,0.481951,0.097561
0.438835,0.463107,0.100971
0.42289,0.494665,0.085354
0.458778,0.455868,0.0892338
0.429537,0.491313,0.0791506
0.457088,0.46866,0.0848602
0.420176,0.502449,0.079334
0.448008,0.467444,0.0894072
0.415445,0.504399,0.083089
0.434402,0.484937,0.0845481
0.440546,0.483431,0.0808967
0.397448,0.501472,0.102061
0.433816,0.478261,0.0927536
0.402559,0.495079,0.102362
0.440117,0.469328,0.0944499
0.444444,0.465887,0.0896686
0.42953,0.480345,0.093001
0.450048,0.477207,0.0766246
0.458858,0.45789,0.0871249
0.428161,0.476054,0.100575
0.423778,0.481304,0.10163
0.441609,0.486752,0.0736016
0.443149,0.479106,0.0835763
0.409836,0.494696,0.101254
0.4276,0.483965,0.0923226
0.427334,0.483157,0.0943215
0.4,0.514146,0.0926829
0.4108,0.502411,0.0925747
0.445199,0.475267,0.0843841
0.436119,0.470701,0.0960615
0.419355,0.495601,0.0909091
0.432617,0.493164,0.078125
0.455696,0.478092,0.0691334
0.442495,0.462963,0.0964912
0.419103,0.491228,0.0935673
0.416505,0.500971,0.0883495
0.429971,0.484819,0.0901077
0.437681,0.479227,0.0879227
0.428155,0.487379,0.0893204
0.421722,0.482387,0.0988258
0.447115,0.471154,0.0865385
0.438104,0.462282,0.10058
0.453488,0.447674,0.101744
0.414966,0.488824,0.0981535
0.428571,0.492809,0.0834132
0.429268,0.48878,0.084878
0.40567,0.521017,0.0791789
0.425962,0.494231,0.0826923
0.413255,0.499025,0.0916179
0.448177,0.457774,0.0978887
0.418762,0.480658,0.103482
0.436293,0.472008,0.0974903
0.421512,0.492248,0.0930233
0.424976,0.501452,0.0784124
0.42278,0.47973,0.0994208
0.438786,0.459354,0.101861
0.43708,0.480307,0.0864553
0.429543,0.48688,0.0884354
0.46087,0.470531,0.07343
0.42483,0.491756,0.0872939
0.413592,0.5,0.0912621
0.401942,0.506796,0.0941748
0.445972,0.483301,0.0726916
0.433202,0.46169,0.109037
0.407371,0.516974,0.0766246
0.400976,0.51122,0.0907317
0.439379,0.475267,0.0902037
0.44971,0.452611,0.101547
0.39786,0.509728,0.094358
0.420696,0.503868,0.0812379
0.420388,0.481553,0.102913
0.438343,0.490366,0.0761079
0.454985,0.459826,0.090029
0.424951,0.500975,0.079922
0.426245,0.478927,0.0957854
0.422072,0.487899,0.0948693
0.43038,0.481986,0.0963973
0.417647,0.492157,0.0911765
0.40625,0.501953,0.0927734
0.43474,0.47792,0.0893032
0.411707,0.487805,0.101463
0.403304,0.493683,0.1069
0.415938,0.483965,0.103013
0.44477,0.477028,0.0811339
0.427606,0.460425,0.118726
0.412791,0.486434,0.103682
0.418269,0.504808,0.0875
0.450389,0.461089,0.0914397
0.437622,0.464912,0.10039
0.463158,0.45933,0.0851675
0.439143,0.480039,0.0847128
0.431907,0.468872,0.0992218
0.414093,0.506757,0.0897683
0.395508,0.511719,0.0957031
0.436827,0.474045,0.0910872
0.411992,0.499033,0.0967118
0.436047,0.481589,0.0901163
0.428023,0.5,0.0786948
0.418041,0.508244,0.0785645
0.418129,0.486355,0.0974659
0.426214,0.485437,0.0912621
0.437864,0.481553,0.0873786
0.453477,0.472086,0.0783546
0.42885,0.484405,0.088694
0.409662,0.51401,0.0830918
0.447674,0.472868,0.0843023
0.431752,0.478219,0.0948693
0.43038,0.493671,0.0778968
0.424419,0.498062,0.0813953
0.418515,0.485053,0.101254
0.457971,0.464734,0.0821256
0.433594,0.466797,0.101562
0.416507,0.489443,0.096929
0.437622,0.477583,0.0867446
0.41423,0.501949,0.0877193
0.434535,0.49241,0.0825427
0.424301,0.485053,0.0954677
0.437378,0.459883,0.104697
0.437318,0.480078,0.0864917
0.447241,0.480155,0.0745402
0.426499,0.492263,0.089942
0.427194,0.501446,0.0761813
0.443259,0.488846,0.070805
0.451018,0.467507,0.086324
0.445411,0.478261,0.0792271
0.432327,0.479065,0.0915287
0.418537,0.501463,0.0829268
0.44043,0.487305,0.0761719
0.418787,0.502935,0.0851272
0.459961,0.449219,0.0947266
0.447471,0.462062,0.094358
0.427194,0.503375,0.072324
0.403492,0.518914,0.0814743
0.45967,0.4655,0.0787172
0.409091,0.484526,0.109284
0.454985,0.451113,0.103582
0.424447,0.501444,0.0798845
0.434783,0.497585,0.07343
0.418447,0.506796,0.0815534
0.437743,0.491245,0.0807393
0.397672,0.508244,0.0979631
0.424976,0.486931,0.090029
0.436275,0.480392,0.0862745
0.435283,0.471716,0.0977948
0.402724,0.514591,0.0865759
0.432692,0.482692,0.0865385
0.42885,0.504873,0.0711501
0.422631,0.492263,0.0880077
0.420078,0.480507,0.104288
0.430799,0.497076,0.0750487
0.452812,0.461392,0.0953289
0.44,0.468293,0.0926829
0.424855,0.49422,0.0847784
0.437259,0.476834,0.0916988
0.442495,0.475634,0.0867446
0.429395,0.478386,0.0941402
0.433269,0.481625,0.0889749
0.462963,0.455166,0.0838207
0.450389,0.47179,0.0817121
0.429961,0.479572,0.0924125
0.445516,0.461909,0.0973963
0.438835,0.473786,0.0932039
0.419479,0.486982,0.0973963
0.431085,0.484848,0.0889541
0.455426,0.453488,0.0939922
0.447907,0.473223,0.0808179
0.43301,0.471845,0.0980583
0.421512,0.482558,0.0998062
0.435749,0.486957,0.0792271
0.441319,0.485936,0.0756547
0.444553,0.462062,0.0972763
0.401354,0.492263,0.109284
0.447368,0.465887,0.0877193
0.403715,0.486804,0.113392
0.426499,0.489362,0.0880077
0.433237,0.481268,0.0941402
0.429825,0.488304,0.08577
0.442085,0.478764,0.0810811
0.408423,0.496572,0.0979432
0.434402,0.483965,0.0845481
0.418041,0.489816,0.0960233
0.43301,0.469903,0.101942
0.422631,0.497099,0.082205
0.423795,0.47001,0.106195
0.423152,0.506809,0.07393
0.416585,0.494634,0.0946341
0.419355,0.503421,0.0811339
0.406863,0.485294,0.110784
0.424565,0.489362,0.089942
0.444878,0.476098,0.084878
0.419075,0.482659,0.102119
0.431373,0.478431,0.0911765
0.429672,0.475915,0.101156
0.401347,0.514918,0.0904716
0.447573,0.462136,0.0932039
0.43095,0.486778,0.0832517
0.41683,0.498043,0.0861057
0.439335,0.485323,0.0792564
0.401951,0.517073,0.0829268
0.467317,0.434146,0.103415
0.443038,0.467381,0.0934761
0.417881,0.50243,0.0845481
0.438884,0.485082,0.0846968
0.443793,0.487781,0.0713587
0.431068,0.481553,0.092233
0.43453,0.483996,0.086324
0.417308,0.501923,0.0894231
0.423188,0.476329,0.105314
0.421256,0.494686,0.0927536
0.418919,0.485521,0.0994208
0.415698,0.497093,0.0901163
0.434363,0.489382,0.0810811
0.417636,0.489341,0.101744
0.417969,0.488281,0.0976562
0.426628,0.482993,0.0923226
0.472357,0.443259,0.0872939
0.432302,0.481625,0.0918762
0.452703,0.450772,0.103282
0.391473,0.511628,0.104651
0.436647,0.479532,0.088694
0.456123,0.467695,0.0800386
0.436399,0.476517,0.0880626
0.397313,0.494242,0.114203
0.437561,0.491772,0.0764763
0.44358,0.481518,0.0797665
0.421104,0.495644,0.0861568
0.407984,0.518014,0.0798442
0.426901,0.481481,0.0916179
0.42278,0.47973,0.102317
0.436592,0.489835,0.0793804
0.431353,0.473223,0.097371
0.431335,0.496132,0.0802708
0.431467,0.480695,0.0907336
0.429268,0.475122,0.103415
0.433269,0.496132,0.0744681
0.437928,0.480938,0.083089
0.419512,0.48878,0.0936585
0.422287,0.488759,0.0938416
0.427885,0.4875,0.0884615
0.439453,0.466797,0.0986328
0.424125,0.467899,0.108949
0.420643,0.472249,0.108082
0.433759,0.491658,0.0765456
0.447907,0.462512,0.097371
0.417154,0.494152,0.0906433
0.453659,0.480976,0.0721951
0.421408,0.501446,0.0829315
0.444878,0.472195,0.0878049
0.423518,0.493308,0.0898662
0.399806,0.523717,0.0813166
0.412331,0.504817,0.0895954
0.400962,0.517308,0.0865385
0.437864,0.479612,0.0854369
0.413359,0.50242,0.0909971
0.42885,0.493177,0.0818713
0.442733,0.46872,0.0923965
0.42774,0.489816,0.086324
0.439883,0.474096,0.086999
0.429961,0.492218,0.0807393
0.444338,0.46929,0.0921305
0.428016,0.472763,0.10214
0.413693,0.494696,0.0973963
0.448209,0.475315,0.0803485
0.411079,0.498542,0.0932945
0.421256,0.487923,0.0917874
0.422671,0.480307,0.102786
0.38694,0.540936,0.0779727
0.417071,0.499515,0.0872939
0.423712,0.50243,0.0787172
0.422455,0.49001,0.0951475
0.423337,0.483124,0.0983607
0.419355,0.468231,0.115347
0.44466,0.479612,0.0854369
0.433269,0.482592,0.0880077
0.428164,0.478592,0.096099
0.443259,0.469447,0.0921435
0.450292,0.467836,0.0877193
0.410853,0.495155,0.0978682
0.435721,0.482826,0.0824338
0.424419,0.486434,0.0930233
0.450242,0.441546,0.111111
0.442718,0.474757,0.0873786
0.433981,0.475728,0.0961165
0.428012,0.490695,0.08619
0.42885,0.492203,0.0838207
0.439351,0.48233,0.0916905
0.457774,0.452015,0.0959693
0.452174,0.461836,0.0917874
0.422929,0.478805,0.0992293
0.428986,0.490821,0.0859903
0.430077,0.476054,0.0967433
0.402132,0.524225,0.0794574
0.414327,0.508228,0.0803485
0.423712,0.48688,0.0952381
0.438049,0.473171,0.0946341
0.431862,0.476008,0.0978887
0.444981,0.465251,0.0936293
0.418695,0.503408,0.0866602
0.412281,0.5,0.0955166
0.434825,0.486381,0.0787938
0.412109,0.492188,0.0976562
0.436119,0.477426,0.0912584
0.431487,0.500486,0.0738581
0.421256,0.479227,0.105314
0.424301,0.496625,0.0829315
0.425388,0.485465,0.0949612
0.401932,0.511111,0.0908213
0.42386,0.491756,0.0872939
0.425511,0.477118,0.0983447
0.413215,0.504931,0.0857988
0.418288,0.491245,0.0992218
0.43829,0.462585,0.101069
0.421769,0.522838,0.0612245
0.43065,0.491756,0.0805044
0.443478,0.469565,0.0879227
0.440117,0.477118,0.0866602
0.432302,0.499033,0.0764023
0.449854,0.459591,0.0983447
0.424155,0.484058,0.094686
0.430502,0.482625,0.0936293
0.435294,0.484314,0.0823529
0.436523,0.459961,0.106445
0.425532,0.5,0.0851064
0.445736,0.476744,0.0843023
0.416342,0.4893,0.100195
0.417561,0.502439,0.0819512
0.419011,0.506305,0.0795344
0.445725,0.479347,0.0758886
0.421815,0.496139,0.0868726
0.441205,0.466472,0.100097
0.402711,0.503388,0.103582
0.442177,0.47619,0.0845481
0.435749,0.479227,0.0888889
0.416263,0.485963,0.10455
0.448309,0.467633,0.0879227
0.44868,0.459433,0.0928641
0.447036,0.463557,0.0923226
0.412451,0.504864,0.0846304
0.419981,0.496605,0.0872939
0.42345,0.493217,0.0872093
0.4375,0.470703,0.09375
0.432039,0.480583,0.0883495
0.422439,0.498537,0.0819512
0.430097,0.482524,0.0912621
0.43314,0.473837,0.0939922
0.439806,0.475728,0.0864078
0.433873,0.481446,0.0884872
0.397101,0.503382,0.101449
0.405273,0.507812,0.0917969
0.400957,0.514833,0.0899522
0.435122,0.475122,0.0926829
0.438409,0.477207,0.0902037
0.446705,0.467054,0.0881783
0.432171,0.478682,0.0930233
0.416425,0.504348,0.0830918
0.427334,0.497594,0.080847
0.410906,0.497566,0.0954236
0.423372,0.500958,0.0833333
0.439453,0.46875,0.0966797
0.446064,0.448008,0.109815
0.419669,0.497566,0.0876339
0.427043,0.488327,0.0914397
0.443062,0.484211,0.076555
0.396518,0.501934,0.103482
0.454634,0.470244,0.0770732
0.430934,0.493191,0.0826848
0.439689,0.47179,0.0904669
0.4372,0.483221,0.084372
0.419231,0.492308,0.0923077
0.465184,0.46325,0.0783366
0.403526,0.510284,0.0881489
0.428571,0.489382,0.0897683
0.42029,0.491787,0.0898551
0.431487,0.47619,0.0981535
0.41165,0.483495,0.106796
0.420898,0.499023,0.0839844
0.419324,0.48599,0.0966184
0.411822,0.488372,0.100775
0.438905,0.484848,0.0811339
0.417551,0.501446,0.0838959
0.438235,0.478431,0.0862745
0.394558,0.515063,0.0962099
0.397274,0.518987,0.0895813
0.421463,0.487805,0.0956098
0.410206,0.506379,0.0873405
0.434489,0.492293,0.0818882
0.413659,0.490732,0.097561
0.459302,0.454457,0.0920543
0.447674,0.468023,0.0901163
0.409932,0.500487,0.0915287
0.43298,0.469624,0.102218
0.422287,0.502444,0.0782014
0.418041,0.494665,0.0969932
0.45,0.471154,0.0807692
0.42913,0.491691,0.0821114
0.449416,0.479572,0.0758755
0.451267,0.47271,0.0789474
0.426471,0.489216,0.0882353
0.416023,0.505792,0.0810811
0.44027,0.473988,0.0895954
0.421512,0.489341,0.0920543
0.429808,0.496154,0.0769231
0.413127,0.497104,0.0965251
0.430368,0.468085,0.102515
0.402332,0.509232,0.0942663
0.414729,0.505814,0.0843023
0.413191,0.491756,0.0989331
0.422439,0.479024,0.102439
0.42623,0.484089,0.0916104
0.432879,0.473735,0.0992218
0.406796,0.508738,0.0902913
0.416505,0.496117,0.0883495
0.415459,0.489855,0.100483
0.422522,0.508181,0.0750722
0.429126,0.485437,0.0902913
0.442401,0.471442,0.0939013
0.437137,0.482592,0.0860735
0.422179,0.495136,0.0856031
0.435078,0.492248,0.0765504
0.426614,0.478474,0.0978474
0.437864,0.480583,0.0825243
0.441233,0.473988,0.088632
0.430784,0.493708,0.0851888
0.434109,0.48062,0.0872093
0.409932,0.503408,0.0934761
0.430515,0.493683,0.0816327
0.44894,0.461464,0.0934489
0.396917,0.508671,0.0973025
0.433781,0.495202,0.0777351
0.43356,0.480116,0.0911736
0.462282,0.46325,0.0812379
0.431085,0.477028,0.0918866
0.424213,0.478346,0.101378
0.410959,0.508806,0.0861057
0.444444,0.464912,0.0955166
0.423188,0.499517,0.0821256
0.43222,0.482318,0.0874263
0.418787,0.500978,0.0831703
0.446933,0.467381,0.0925024
0.435798,0.486381,0.0836576
0.427326,0.476744,0.103682
0.44,0.468293,0.0936585
0.427466,0.497099,0.0773694
0.440976,0.463415,0.100488
0.424125,0.486381,0.094358
0.421104,0.493708,0.0871249
0.441546,0.4657,0.0966184
0.424125,0.485409,0.0933852
0.443259,0.476237,0.0824442
0.41068,0.501942,0.0951456
0.434698,0.461988,0.107212
0.426087,0.484058,0.0975845
0.452975,0.46929,0.0806142
0.418695,0.507303,0.0817916
0.416503,0.510806,0.0756385
0.435624,0.453049,0.112294
0.43695,0.477028,0.0909091
0.421408,0.490839,0.0896818
0.435922,0.492233,0.0757282
0.406067,0.508806,0.090998
0.416748,0.48296,0.107108
0.437318,0.474247,0.0952381
0.451707,0.472195,0.08
0.406464,0.505387,0.0910872
0.453578,0.475822,0.0744681
0.423337,0.48216,0.102218
0.429952,0.494686,0.0792271
0.423152,0.483463,0.0953307
0.425781,0.499023,0.078125
0.43095,0.471107,0.100881
0.4148,0.484907,0.105161
0.434324,0.488015,0.0862895
0.43762,0.47025,0.0940499
0.420543,0.501938,0.0843023
0.438114,0.484283,0.0785855
0.414822,0.489894,0.103946
0.42386,0.483026,0.102813
0.435673,0.471735,0.0955166
0.434656,0.481123,0.090029
0.438716,0.462062,0.101167
0.430784,0.486931,0.0851888
0.441006,0.474855,0.089942
0.416828,0.490329,0.0976789
0.432692,0.488462,0.0836538
0.40622,0.484937,0.110787
0.433301,0.483934,0.0876339
0.457854,0.466475,0.0823755
0.432039,0.480583,0.0873786
0.44152,0.494152,0.0662768
0.438409,0.488846,0.0756547
0.420744,0.5,0.0841487
0.446289,0.463867,0.0917969
0.430528,0.476517,0.092955
0.424618,0.489504,0.0877863
0.436538,0.467308,0.0990385
0.411707,0.500488,0.0907317
0.453928,0.467507,0.0843841
0.429264,0.460271,0.113372
0.434783,0.485024,0.0859903
0.421053,0.501949,0.0789474
0.420432,0.48723,0.0943026
0.434363,0.470077,0.0994208
0.445312,0.477539,0.0800781
0.431796,0.486752,0.0843965
0.44347,0.460039,0.0994152
0.451362,0.460117,0.0894942
0.42543,0.478011,0.100382
0.414822,0.500481,0.0866218
0.432459,0.47619,0.0932945
0.418828,0.49952,0.0835735
0.426601,0.497537,0.0768473
0.461688,0.446169,0.0950533
0.416263,0.505324,0.0813166
0.423828,0.479492,0.0966797
0.428293,0.484878,0.0887805
0.436837,0.47541,0.096432
0.431335,0.483559,0.0889749
0.435453,0.473988,0.0944123
0.458052,0.457088,0.0877531
0.445192,0.459615,0.0951923
0.448508,0.47257,0.0856593
0.427459,0.497566,0.0788705
0.417071,0.496605,0.0969932
0.432039,0.474757,0.0941748
0.402711,0.520813,0.0803485
0.429961,0.497082,0.0807393
0.429406,0.498539,0.0759494
0.463035,0.464981,0.0749027
0.451707,0.468293,0.0809756
0.438953,0.48062,0.0881783
0.399024,0.507317,0.097561
0.439846,0.474495,0.093359
0.465433,0.458617,0.083739
0.4375,0.479492,0.0859375
0.414258,0.5,0.0905588
0.414132,0.500491,0.0902846
0.408696,0.502415,0.0927536
0.409002,0.502935,0.090998
0.434656,0.486931,0.0851888
0.441484,0.478592,0.0856327
0.393443,0.506268,0.104147
0.446394,0.464912,0.0896686
0.443907,0.480658,0.0783366
0.434783,0.475362,0.0985507
0.418695,0.487829,0.097371
0.46878,0.442843,0.0912584
0.446377,0.471498,0.0898551
0.43301,0.482524,0.0893204
0.418582,0.494253,0.0938697
0.430815,0.487733,0.0853778
0.407551,0.496612,0.101646
0.411361,0.51714,0.0783546
0.432039,0.48932,0.084466
0.448544,0.469903,0.084466
0.450048,0.476237,0.0795344
0.451961,0.467647,0.0823529
0.421512,0.505814,0.0746124
0.434275,0.479065,0.0944499
0.393998,0.514037,0.0929332
0.448141,0.478474,0.0763209
0.411025,0.518375,0.0793037
0.44,0.472195,0.0897561
0.418057,0.489696,0.0951914
0.42623,0.480231,0.0983607
0.432879,0.483463,0.0924125
0.419669,0.481013,0.0993184
0.411368,0.519268,0.0722543
0.417071,0.500485,0.085354
0.423152,0.498054,0.0894942
0.463035,0.456226,0.0846304
0.42131,0.497556,0.083089
0.458456,0.458456,0.0860215
0.40407,0.504845,0.0978682
0.433759,0.48577,0.0873405
0.440613,0.477969,0.0900383
0.411479,0.487354,0.107977
0.424976,0.483059,0.0948693
0.446064,0.472303,0.0864917
0.421616,0.492697,0.0886076
0.445205,0.463796,0.0919765
0.420176,0.477963,0.10382
0.426794,0.495694,0.0870813
0.436453,0.474877,0.0906404
0.429825,0.482456,0.0896686
0.381092,0.526316,0.0945419
0.395712,0.505848,0.10039
0.444985,0.462512,0.0944499
0.431068,0.48835,0.0834951
0.415131,0.492726,0.0940834
0.435374,0.478134,0.0884354
0.422135,0.476004,0.105779
0.44466,0.465049,0.092233
0.427043,0.500973,0.077821
0.398629,0.507346,0.0999021
0.442105,0.486124,0.0755981
0.428295,0.481589,0.0949612
0.454012,0.453033,0.0958904
0.445411,0.475362,0.0859903
0.42871,0.479146,0.0960233
0.427885,0.472115,0.104808
0.44027,0.477842,0.0857418
0.441433,0.464666,0.0997096
0.433908,0.485632,0.085249
0.430108,0.482893,0.0918866
0.427194,0.476374,0.0983607
0.454017,0.45789,0.0929332
0.411479,0.499027,0.0933852
0.40856,0.502918,0.094358
0.434146,0.475122,0.0936585
0.443689,0.478641,0.0805825
0.423301,0.5,0.0815534
0.393586,0.506317,0.100097
0.428016,0.486381,0.0914397
0.43973,0.471553,0.096432
0.42483,0.495635,0.0834142
0.437439,0.479146,0.086324
0.407444,0.501469,0.0959843
0.410455,0.50726,0.0919652
0.413424,0.508755,0.0846304
0.426485,0.471276,0.107108
0.446829,0.460488,0.0936585
0.449658,0.465298,0.0860215
0.460117,0.440661,0.100195
0.431579,0.488038,0.0899522
0.436346,0.479106,0.0874636
0.43304,0.470186,0.101662
0.422372,0.486017,0.0954677
0.422439,0.500488,0.0770732
0.411765,0.489216,0.10098
0.416585,0.503415,0.08
0.435873,0.480231,0.0867888
0.426745,0.469027,0.106195
0.460938,0.458984,0.0839844
0.429543,0.487852,0.0845481
0.407805,0.508293,0.0897561
0.410906,0.497566,0.097371
0.410029,0.492625,0.0973451
0.43314,0.477713,0.0901163
0.41349,0.503421,0.0860215
0.426628,0.485909,0.0913508
0.425944,0.495644,0.0803485
0.425781,0.480469,0.0986328
0.419669,0.499513,0.0856865
0.420696,0.50677,0.0773694
0.445959,0.473223,0.083739
0.453568,0.465298,0.085044
0.444662,0.464251,0.093046
0.418041,0.496605,0.0902037
0.434951,0.482524,0.0834951
0.433301,0.493671,0.0759494
0.449612,0.469961,0.0881783
0.46184,0.456947,0.0851272
0.438786,0.487757,0.0773751
0.446911,0.465251,0.0897683
0.415534,0.509709,0.0796117
0.418199,0.491772,0.0919652
0.415851,0.501957,0.0851272
0.423712,0.48105,0.100097
0.434489,0.477842,0.0895954
0.451923,0.45,0.101923
0.436346,0.472303,0.0932945
0.44086,0.479961,0.0840665
0.406008,0.508721,0.0910853
0.44858,0.464251,0.0950049
0.40918,0.5,0.0947266
0.403492,0.509214,0.0902037
0.450581,0.479651,0.0726744
0.42871,0.488846,0.0882638
0.426499,0.484526,0.089942
0.430244,0.499512,0.075122
0.422372,0.497589,0.0829315
0.431467,0.505792,0.0743243
0.428571,0.484344,0.090998
0.405882,0.506863,0.095098
0.426654,0.486098,0.0901246
0.447368,0.476608,0.0838207
0.396353,0.511516,0.0930902
0.480431,0.449119,0.0753425
0.407662,0.515717,0.0795678
0.424419,0.475775,0.101744
0.410959,0.491194,0.103718
0.445933,0.485167,0.0784689
0.4355,0.489816,0.0795344
0.435673,0.484405,0.088694
0.436523,0.495117,0.0761719
0.42002,0.497547,0.0853778
0.416585,0.484878,0.0995122
0.417561,0.50439,0.0809756
0.414397,0.496109,0.0904669
0.419324,0.488889,0.0985507
0.403696,0.504864,0.0963035
0.424592,0.507205,0.079731
0.426326,0.483301,0.0903733
0.465833,0.458133,0.0827719
0.424272,0.483495,0.0980583
0.433594,0.478516,0.0917969
0.412109,0.500977,0.0927734
0.465567,0.440349,0.0979631
0.444976,0.463158,0.0956938
0.440661,0.463035,0.100195
0.432432,0.488417,0.0897683
0.43474,0.476938,0.0932287
0.42131,0.488759,0.0948192
0.43314,0.485465,0.0843023
0.456647,0.454721,0.0915222
0.420039,0.507707,0.0770713
0.411538,0.507692,0.0884615
0.441319,0.474297,0.0872939
0.423188,0.499517,0.0888889
0.447139,0.463628,0.0931135
0.422481,0.482558,0.0998062
0.450581,0.475775,0.0804264
0.41068,0.505825,0.0893204
0.4148,0.501461,0.0866602
0.402344,0.496094,0.103516
0.43499,0.483748,0.0869981
0.438647,0.485024,0.0811594
0.419103,0.495127,0.088694
0.431907,0.479572,0.0924125
0.441319,0.479146,0.0834142
0.45,0.470192,0.0826923
0.433723,0.474659,0.0945419
0.43314,0.477713,0.0910853
0.428158,0.474446,0.100289
0.438114,0.484283,0.0795678
0.445098,0.469608,0.0862745
0.41165,0.494175,0.0990291
0.437561,0.480155,0.0880929
0.395393,0.513436,0.096929
0.405063,0.515093,0.0827653
0.424658,0.495108,0.0812133
0.417071,0.501455,0.0872939
0.417391,0.479227,0.108213
0.436715,0.480193,0.0869565
0.409932,0.49075,0.100292
0.43162,0.485936,0.0872939
0.426934,0.497612,0.0811843
0.440808,0.467757,0.0981713
0.415698,0.495155,0.0891473
0.418627,0.493137,0.0911765
0.450732,0.469268,0.0809756
0.412109,0.498047,0.0917969
0.433852,0.483463,0.0846304
0.438343,0.490366,0.0799615
0.432909,0.487757,0.0832517
0.415354,0.483268,0.103346
0.447876,0.464286,0.0926641
0.429406,0.481013,0.0944499
0.407805,0.501463,0.0936585
0.418112,0.478805,0.104046
0.415861,0.492263,0.0996132
0.46878,0.454371,0.0806916
0.415295,0.504356,0.0851888
0.428846,0.481731,0.1
0.417647,0.495098,0.0921569
0.413827,0.503408,0.0856865
0.410183,0.498559,0.0931796
0.442418,0.46833,0.0940499
0.425388,0.486434,0.0901163
0.428434,0.48511,0.0941402
0.427203,0.481801,0.0967433
0.458333,0.453488,0.0901163
0.399029,0.503883,0.101942
0.478764,0.440154,0.0839768
0.433301,0.491723,0.083739
0.423679,0.473581,0.10274
0.435701,0.453935,0.112284
0.427326,0.491279,0.0872093
0.438596,0.498051,0.0682261
0.414132,0.497547,0.0893032
0.453757,0.45183,0.0982659
0.46087,0.464734,0.0821256
0.428019,0.490821,0.0869565
0.449275,0.459903,0.094686
0.401552,0.516974,0.0882638
0.423337,0.485053,0.0983607
0.445305,0.474347,0.0851888
0.452335,0.465953,0.0865759
0.419922,0.492188,0.0957031
0.42913,0.492669,0.0782014
0.448444,0.468872,0.0875486
0.432171,0.477713,0.0939922
0.423745,0.503861,0.0801158
0.436647,0.490253,0.0760234
0.444444,0.47076,0.08577
0.431752,0.483059,0.089061
0.436293,0.473938,0.0936293
0.443902,0.459512,0.100488
0.4355,0.469447,0.0979631
0.428983,0.496161,0.0777351
0.442495,0.467836,0.0925926
0.437016,0.467054,0.0998062
0.44894,0.453757,0.102119
0.418605,0.49031,0.0978682
0.405063,0.506329,0.0925024
0.418853,0.49757,0.0913508
0.434109,0.477713,0.0920543
0.439497,0.474347,0.090029
0.416988,0.476834,0.110039
0.42386,0.496605,0.0843841
0.433431,0.48688,0.0826045
0.417969,0.483398,0.103516
0.437259,0.472973,0.0936293
0.448343,0.47076,0.08577
0.433269,0.479691,0.0880077
0.429825,0.487329,0.0877193
0.449318,0.481481,0.0750487
0.436469,0.470417,0.0940834
0.406371,0.502896,0.0936293
0.434146,0.477073,0.0907317
0.439072,0.48646,0.0793037
0.423077,0.485577,0.0971154
0.428023,0.488484,0.0873321
0.433269,0.481625,0.0909091
0.390196,0.509804,0.1
0.443369,0.475315,0.0880929
0.43259,0.483996,0.0872939
0.415784,0.502406,0.0856593
0.411251,0.504365,0.0872939
0.441815,0.473373,0.0857988
0.458333,0.456395,0.0872093
0.452683,0.461463,0.0868293
0.422439,0.48878,0.0926829
0.403679,0.509197,0.0939013
0.420543,0.494186,0.0872093
0.427326,0.484496,0.0939922
0.447573,0.486408,0.0718447
0.438835,0.456311,0.105825
0.422179,0.487354,0.0904669
0.396098,0.503415,0.101463
0.443478,0.472464,0.0898551
0.412341,0.496572,0.093046
0.417969,0.490234,0.09375
0.434951,0.466019,0.104854
0.443798,0.483527,0.0784884
0.421652,0.500475,0.0835708
0.40878,0.494634,0.0985366
0.426471,0.491176,0.0833333
0.42171,0.487992,0.092219
0.424805,0.491211,0.0869141
0.403679,0.506292,0.0948693
0.41068,0.497087,0.0980583
0.423977,0.471735,0.107212
0.455331,0.463977,0.0874159
0.439379,0.479146,0.085354
0.442953,0.479386,0.0834132
0.447471,0.493191,0.0642023
0.410107,0.505345,0.0874636
0.421463,0.498537,0.0839024
0.414894,0.521277,0.0705996
0.427342,0.478967,0.0984704
0.410455,0.489835,0.102614
0.421616,0.497566,0.0847128
0.4108,0.506268,0.0838959
0.450389,0.468872,0.0826848
0.42171,0.490874,0.0902978
0.406008,0.508721,0.0891473
0.41954,0.495211,0.0881226
0.428852,0.473994,0.101079
0.42029,0.494686,0.0908213
0.423301,0.514563,0.0699029
0.442829,0.468023,0.0959302
0.428432,0.486855,0.0886076
0.404669,0.486381,0.113813
0.426499,0.499033,0.0773694
0.416503,0.495088,0.089391
0.417071,0.490786,0.0960233
0.443149,0.488824,0.0738581
0.444121,0.461613,0.0971817
0.422179,0.499027,0.0817121
0.427326,0.468992,0.106589
0.418787,0.500978,0.0821918
0.451302,0.472517,0.0810029
0.427875,0.5,0.0760234
0.434612,0.47591,0.0924287
0.430097,0.468932,0.102913
0.427606,0.472973,0.102317
0.425511,0.491723,0.0886076
0.436222,0.495618,0.0740019
0.448544,0.466019,0.0883495
0.451456,0.462136,0.0873786
0.439143,0.483934,0.0788705
0.435203,0.480658,0.089942
0.43038,0.488802,0.0817916
0.43122,0.487805,0.0868293
0.435203,0.480658,0.0880077
0.46325,0.461315,0.0783366
0.45534,0.473786,0.0776699
0.427459,0.479065,0.0983447
0.420388,0.485437,0.0970874
0.425676,0.489382,0.0897683
0.439614,0.483092,0.0801932
0.454545,0.469052,0.0773694
0.403101,0.507752,0.0949612
0.443359,0.489258,0.0732422
0.439216,0.484314,0.0813725
0.445081,0.468004,0.0926457
0.43162,0.472357,0.099903
0.411535,0.484848,0.110459
0.445312,0.460938,0.0947266
0.445621,0.454283,0.101059
0.450292,0.464912,0.0877193
0.424805,0.480469,0.0986328
0.421512,0.481589,0.103682
0.450539,0.467189,0.0842311
0.422929,0.492293,0.0895954
0.428434,0.481268,0.0931796
0.4276,0.48688,0.0884354
0.45428,0.458171,0.0875486
0.439306,0.480732,0.0847784
0.433981,0.474757,0.0932039
0.407011,0.507303,0.0895813
0.418672,0.492782,0.0943215
0.411079,0.501458,0.0894072
0.459064,0.474659,0.0711501
0.409135,0.510204,0.0826045
0.431068,0.48835,0.0864078
0.458617,0.460565,0.0847128
0.437196,0.474197,0.0915287
0.432146,0.492782,0.078922
0.401552,0.510184,0.0989331
0.440891,0.474806,0.0881783
0.428431,0.477451,0.0960784
0.441205,0.487852,0.0758017
0.442085,0.490347,0.0743243
0.411765,0.486275,0.103922
0.42955,0.478474,0.0949119
0.428432,0.480039,0.0954236
0.455072,0.459903,0.0898551
0.395122,0.510244,0.0995122
0.419038,0.504416,0.077527
0.443478,0.470531,0.0888889
0.43695,0.471163,0.0918866
0.411992,0.520309,0.0744681
0.440465,0.478219,0.0832527
0.433852,0.491245,0.0797665
0.448141,0.470646,0.0861057
0.453216,0.461988,0.0877193
0.414493,0.510145,0.0772947
0.409627,0.48723,0.10609
0.440546,0.460039,0.103314
0.418853,0.493683,0.090379
0.452519,0.462209,0.0852713
0.441292,0.46184,0.100783
0.439922,0.486434,0.0794574
0.381423,0.529644,0.0928854
0.431752,0.486931,0.0851888
0.421875,0.492188,0.0869141
0.454457,0.448643,0.100775
0.437743,0.47179,0.0933852
0.444553,0.465162,0.09421
0.427326,0.487403,0.0881783
0.442289,0.476237,0.0834142
0.445411,0.47343,0.0830918
0.413827,0.495618,0.0963973
0.434995,0.487781,0.0801564
0.444553,0.47179,0.0846304
0.440891,0.473837,0.0910853
0.444765,0.483189,0.0835735
0.447115,0.470192,0.0855769
0.418672,0.502406,0.0818094
0.438169,0.470302,0.097371
0.411361,0.484819,0.106758
0.41437,0.49311,0.0944882
0.405642,0.508755,0.0885214
0.427606,0.48166,0.0945946
0.404031,0.492322,0.109405
0.412162,0.505792,0.0888031
0.449854,0.481986,0.0701071
0.444229,0.485936,0.0727449
0.436469,0.473327,0.0940834
0.403116,0.51704,0.0876339
0.411937,0.491194,0.0988258
0.42774,0.501455,0.0727449
0.450048,0.465567,0.086324
0.463867,0.452148,0.0878906
0.45259,0.471163,0.0791789
0.424272,0.497087,0.0805825
0.425097,0.475681,0.105058
0.454722,0.470302,0.0808179
0.43301,0.474757,0.0932039
0.426357,0.479651,0.0959302
0.437016,0.492248,0.0746124
0.426912,0.494676,0.0803485
0.424684,0.498542,0.0826045
0.42233,0.491262,0.0902913
0.440661,0.463035,0.098249
0.418288,0.5,0.0836576
0.437681,0.466667,0.102415
0.45614,0.471735,0.0740741
0.419197,0.503428,0.0891283
0.43829,0.500486,0.068999
0.441176,0.481373,0.077451
0.420744,0.499022,0.0861057
0.426901,0.483431,0.0945419
0.440922,0.487032,0.0768492
0.439614,0.472464,0.0908213
0.444229,0.467507,0.0921435
0.416023,0.490347,0.0974903
0.451396,0.448508,0.103946
0.44898,0.474247,0.0787172
0.426923,0.479808,0.101923
0.437806,0.472086,0.0920666
0.420543,0.477713,0.106589
0.413894,0.482387,0.105675
0.451518,0.456415,0.0959843
0.435203,0.484526,0.0831721
0.438409,0.509214,0.0620757
0.434951,0.482524,0.0883495
0.431796,0.468106,0.101079
0.43038,0.483934,0.0886076
0.399232,0.512476,0.0902111
0.40958,0.496579,0.0967742
0.427326,0.469961,0.106589
0.433944,0.479267,0.0896818
0.429961,0.488327,0.0865759
0.438596,0.48538,0.0779727
0.438835,0.457282,0.104854
0.442383,0.460938,0.0966797
0.423152,0.507782,0.0729572
0.396135,0.495652,0.112077
0.443359,0.463867,0.0957031
0.432821,0.465451,0.105566
0.444444,0.477295,0.0811594
0.412451,0.498054,0.0904669
0.410557,0.493646,0.0977517
0.42471,0.503861,0.0762548
0.406583,0.508228,0.0939013
0.424951,0.486355,0.0955166
0.42774,0.490786,0.085354
0.416342,0.480545,0.103113
0.451737,0.466216,0.0907336
0.405769,0.514423,0.0903846
0.458414,0.455513,0.0889749
0.418357,0.48599,0.102415
0.44305,0.477799,0.0839768
0.422481,0.478682,0.104651
0.44648,0.471553,0.0867888
0.432327,0.476144,0.0963973
0.415205,0.492203,0.102339
0.42871,0.481086,0.0902037
0.438409,0.492726,0.0746848
0.464217,0.450677,0.0851064
0.427875,0.479532,0.0945419
0.442927,0.473171,0.0868293
0.422549,0.487255,0.0921569
0.477713,0.436047,0.0891473
0.429952,0.492754,0.0801932
0.436893,0.468932,0.1
0.437439,0.484966,0.086324
0.466732,0.454012,0.0851272
0.454191,0.465887,0.0847953
0.442512,0.463768,0.0985507
0.474088,0.458733,0.0758157
0.41691,0.493683,0.0913508
0.405273,0.507812,0.0917969
0.427734,0.507812,0.0732422
0.428019,0.475362,0.10628
0.432432,0.498069,0.0743243
0.443793,0.474096,0.0860215
0.426053,0.479922,0.0969638
0.437196,0.481986,0.0847128
0.412104,0.494717,0.0979827
0.398838,0.516941,0.0909971
0.450048,0.468477,0.085354
0.441006,0.470986,0.0928433
0.420696,0.498066,0.0841393
0.44971,0.462282,0.0928433
0.420951,0.486906,0.0979631
0.468872,0.460117,0.0758755
0.416023,0.497104,0.0945946
0.427466,0.474855,0.0996132
0.451489,0.489914,0.0643612
0.408465,0.510827,0.0826772
0.472921,0.445841,0.0841393
0.442733,0.474495,0.0866218
0.43272,0.487899,0.0822846
0.411417,0.507874,0.0826772
0.430515,0.48688,0.0864917
0.431752,0.487899,0.0880929
0.434951,0.483495,0.0864078
0.441634,0.480545,0.0826848
0.42677,0.482056,0.0950533
0.390671,0.512148,0.103013
0.42607,0.479572,0.0972763
0.439689,0.479572,0.0856031
0.416667,0.48062,0.108527
0.422522,0.495669,0.0856593
0.440922,0.479347,0.0816523
0.463035,0.45428,0.0846304
0.408124,0.490329,0.104449
0.398264,0.508197,0.0983607
0.432327,0.484907,0.0847128
0.448409,0.469624,0.0838959
0.422741,0.484937,0.0932945
0.430799,0.487329,0.0847953
0.44058,0.468599,0.0995169
0.401367,0.499023,0.104492
0.421156,0.490695,0.0920666
0.430515,0.489796,0.0806608
0.43445,0.470813,0.101435
0.447876,0.476834,0.0801158
0.444121,0.472303,0.0845481
0.46102,0.455245,0.0885467
0.398838,0.511133,0.0948693
0.421512,0.505814,0.0775194
0.458252,0.445631,0.0990291
0.479331,0.444882,0.0787402
0.442607,0.470817,0.0894942
0.409836,0.52459,0.0732883
0.415929,0.491642,0.0963618
0.449318,0.47271,0.0818713
0.440385,0.490385,0.0759615
0.446377,0.461836,0.094686
0.419884,0.487452,0.0974903
0.41256,0.486957,0.103382
0.425366,0.49561,0.0839024
0.444981,0.470077,0.0868726
0.43617,0.485493,0.0831721
0.418199,0.483059,0.101646
0.47076,0.437622,0.0945419
0.42304,0.480155,0.100678
0.423712,0.475219,0.101069
0.436047,0.495155,0.0755814
0.426758,0.478516,0.0966797
0.437681,0.475362,0.0937198
0.455684,0.474952,0.0722543
0.401742,0.494676,0.111326
0.418377,0.493646,0.0948192
0.470874,0.458252,0.0737864
0.423484,0.493744,0.0885467
0.413527,0.49372,0.0975845
0.430622,0.49378,0.0813397
0.432879,0.466926,0.104086
0.438835,0.478641,0.0864078
0.449234,0.469349,0.085249
0.428293,0.474146,0.0995122
0.428983,0.480806,0.0988484
0.412162,0.506757,0.0859073
0.44086,0.468231,0.0918866
0.433759,0.488714,0.0794897
0.451613,0.472141,0.0791789
0.430489,0.479386,0.096836
0.392996,0.502918,0.108949
0.419981,0.483996,0.0979631
0.418288,0.488327,0.098249
0.422439,0.484878,0.0946341
0.405063,0.508277,0.0915287
0.429122,0.494696,0.0800386
0.466472,0.452867,0.0845481
0.437743,0.4893,0.0846304
0.431884,0.477295,0.0966184
0.439771,0.478011,0.0860421
0.401951,0.518049,0.0819512
0.458494,0.466216,0.0839768
0.428711,0.482422,0.0898438
0.418515,0.493732,0.0916104
0.423484,0.480269,0.102984
0.413255,0.501949,0.0896686
0.411538,0.495192,0.0971154
0.431752,0.485963,0.0861568
0.4148,0.48296,0.107108
0.437137,0.482592,0.0841393
0.441406,0.488281,0.078125
0.421512,0.493217,0.0949612
0.445516,0.47541,0.0848602
0.454017,0.475315,0.0755082
0.439143,0.484907,0.083739
0.394175,0.504854,0.103883
0.428432,0.481986,0.0915287
0.475775,0.429264,0.0968992
0.420233,0.5107,0.07393
0.425908,0.481845,0.0951914
0.413827,0.498539,0.0895813
0.442748,0.484733,0.0772901
0.434951,0.480583,0.0883495
0.441659,0.46866,0.0945034
0.423115,0.487757,0.0920666
0.421053,0.488304,0.0916179
0.419479,0.502411,0.0819672
0.442383,0.481445,0.0830078
0.46184,0.454012,0.0870841
0.44186,0.48062,0.0804264
0.450433,0.46487,0.0895091
0.439883,0.479961,0.0840665
0.409615,0.505769,0.0913462
0.416179,0.48538,0.10039
0.415851,0.496086,0.0919765
0.428571,0.482387,0.0919765
0.429825,0.468811,0.105263
0.439922,0.467054,0.0959302
0.389105,0.495136,0.117704
0.427734,0.5,0.0751953
0.428155,0.479612,0.0961165
0.413894,0.503914,0.0831703
0.413859,0.498556,0.0914341
0.388889,0.509747,0.102339
0.440465,0.456922,0.105518
0.440117,0.476144,0.0866602
0.42345,0.48062,0.0968992
0.458698,0.43829,0.104956
0.420696,0.504836,0.0812379
0.404483,0.506823,0.0916179
0.431731,0.483654,0.0903846
0.441261,0.47469,0.0916905
0.433464,0.495108,0.074364
0.435034,0.479307,0.0904716
0.445959,0.473223,0.0847128
0.436364,0.490909,0.0813397
0.434698,0.480507,0.0867446
0.419789,0.502402,0.0826129
0.435421,0.476517,0.0919765
0.435996,0.470645,0.0962464
0.399417,0.509232,0.0952381
0.437928,0.480938,0.083089
0.443478,0.461836,0.0956522
0.428431,0.473529,0.0990196
0.44186,0.477713,0.0833333
0.445516,0.470588,0.0858245
0.416342,0.495136,0.0914397
0.438884,0.482194,0.0827719
0.450635,0.457478,0.0987292
0.435374,0.463557,0.104956
0.44902,0.471569,0.0843137
0.434951,0.48932,0.0796117
0.391304,0.527536,0.0850242
0.410232,0.497104,0.0936293
0.431068,0.471845,0.101942
0.427043,0.501946,0.0768482
0.435547,0.474609,0.09375
0.428432,0.472249,0.10224
0.444231,0.478846,0.0855769
0.434109,0.479651,0.0891473
0.438049,0.48,0.0858537
0.418057,0.490677,0.0932287
0.407907,0.481196,0.112825
0.424951,0.489279,0.0877193
0.421722,0.478474,0.103718
0.432749,0.493177,0.0779727
0.44605,0.470135,0.0876686
0.440154,0.470077,0.0926641
0.417148,0.498073,0.0924855
0.418447,0.490291,0.092233
0.426499,0.487427,0.089942
0.444658,0.466795,0.0923965
0.436399,0.483366,0.0812133
0.41165,0.490291,0.100971
0.416828,0.49323,0.0909091
0.440694,0.481196,0.0829315
0.440465,0.459826,0.103582
0.461688,0.443259,0.0989331
0.431068,0.492233,0.0815534
0.427184,0.481553,0.092233
0.428991,0.489716,0.0881489
0.441319,0.478177,0.086324
0.428571,0.491313,0.0849421
0.435624,0.484027,0.0813166
0.407407,0.504873,0.0935673
0.454457,0.444767,0.102713
0.42885,0.488304,0.0838207
0.447241,0.489835,0.0638916
0.440777,0.466019,0.1
0.447776,0.48646,0.073501
0.431335,0.497099,0.0764023
0.439072,0.465184,0.0976789
0.426197,0.482893,0.0967742
0.424008,0.493708,0.0861568
0.401942,0.490291,0.108738
0.455769,0.456731,0.0894231
0.4375,0.465385,0.100962
0.421256,0.480193,0.101449
0.44868,0.475073,0.0791789
0.442177,0.482993,0.0787172
0.428016,0.488327,0.0875486
0.428016,0.483463,0.094358
0.459223,0.45534,0.0883495
0.450623,0.478428,0.0767018
0.447036,0.483965,0.0699708
0.439072,0.476789,0.0889749
0.438409,0.463628,0.100873
0.451489,0.469741,0.0816523
0.445841,0.473888,0.0802708
0.428295,0.487403,0.0901163
0.426758,0.474609,0.102539
0.42233,0.496117,0.0873786
0.423301,0.484466,0.0970874
0.421359,0.485437,0.0990291
0.442064,0.462512,0.0993184
0.439216,0.477451,0.0882353
0.419981,0.503395,0.0843841
0.449854,0.469328,0.0866602
0.430221,0.473532,0.100096
0.428019,0.485024,0.0888889
0.429268,0.490732,0.0829268
0.430934,0.483463,0.0875486
0.42787,0.476938,0.0981354
0.437196,0.477118,0.0866602
0.412451,0.495136,0.0992218
0.440465,0.475315,0.0880929
0.435078,0.472868,0.0959302
0.46087,0.462802,0.0782609
0.434109,0.47093,0.0988372
0.457478,0.453568,0.0909091
0.4174,0.498534,0.0879765
0.445736,0.465116,0.0949612
0.427875,0.483431,0.0896686
0.4174,0.498534,0.0879765
0.401942,0.504854,0.0970874
0.430934,0.477626,0.094358
0.413859,0.497594,0.0943215
0.424684,0.498542,0.0874636
0.444874,0.495164,0.0696325
0.44043,0.475586,0.0859375
0.430799,0.461014,0.108187
0.457447,0.468085,0.0793037
0.456647,0.456647,0.0876686
0.441091,0.486855,0.0769231
0.420696,0.490329,0.0928433
0.433852,0.487354,0.0846304
0.430636,0.473988,0.0992293
0.418112,0.483622,0.102119
0.429126,0.478641,0.0970874
0.431752,0.487899,0.090029
0.457971,0.452174,0.094686
0.418041,0.508244,0.0766246
0.417647,0.506863,0.0784314
0.430934,0.470817,0.105058
0.450338,0.479267,0.0732883
0.423745,0.506757,0.0772201
0.417722,0.502434,0.0876339
0.408163,0.490768,0.104956
0.430934,0.483463,0.0904669
0.453668,0.470077,0.0810811
0.418515,0.495661,0.0916104
0.419167,0.480155,0.103582
0.417636,0.492248,0.0920543
0.428433,0.503868,0.0764023
0.430784,0.455954,0.11423
0.396702,0.493695,0.111542
0.423188,0.50628,0.0782609
0.430664,0.489258,0.0820312
0.408478,0.522158,0.0761079
0.456311,0.454369,0.092233
0.404647,0.504356,0.0948693
0.434698,0.475634,0.0945419
0.433723,0.47076,0.0955166
0.418984,0.501438,0.0882071
0.417954,0.497104,0.0897683
0.432879,0.498054,0.0749027
0.448444,0.457198,0.0972763
0.446394,0.465887,0.0896686
0.437806,0.486778,0.079334
0.409441,0.489403,0.108863
0.435328,0.5,0.0723938
0.457677,0.454724,0.0895669
0.445642,0.471107,0.0910872
0.417795,0.496132,0.0909091
0.434783,0.478261,0.0879227
0.43453,0.486906,0.0834142
0.435673,0.494152,0.0730994
0.421053,0.490253,0.0935673
0.409449,0.498031,0.0954724
0.400389,0.505345,0.0981535
0.429816,0.484995,0.0939013
0.420078,0.492203,0.0906433
0.435453,0.479769,0.088632
0.416016,0.498047,0.0888672
0.410732,0.519024,0.0760976
0.42774,0.477207,0.0979631
0.43259,0.486906,0.086324
0.413255,0.479532,0.110136
0.418945,0.482422,0.0996094
0.442718,0.46699,0.0902913
0.431051,0.471553,0.0973963
0.422852,0.489258,0.0908203
0.435421,0.472603,0.092955
0.440976,0.48878,0.0741463
0.42471,0.480695,0.100386
0.416747,0.495669,0.0943215
0.461836,0.463768,0.0792271
0.448743,0.465184,0.089942
0.406433,0.499025,0.0974659
0.431353,0.478092,0.0915287
0.431641,0.487305,0.0849609
0.418447,0.493204,0.0912621
0.410331,0.497076,0.0935673
0.457529,0.456564,0.0926641
0.421463,0.492683,0.0868293
0.444123,0.456647,0.10501
0.441205,0.483965,0.0767736
0.43356,0.483996,0.086324
0.42192,0.486906,0.0950533
0.407805,0.493659,0.102439
0.422631,0.474855,0.105416
0.44152,0.459064,0.102339
0.440546,0.474659,0.08577
0.469268,0.459512,0.0780488
0.429122,0.490839,0.0867888
0.416988,0.501931,0.0868726
0.416023,0.503861,0.0830116
0.407191,0.500486,0.0991254
0.418041,0.501455,0.0872939
0.423379,0.494106,0.0844794
0.428432,0.485881,0.0925024
0.432432,0.472008,0.102317
0.415861,0.509671,0.0841393
0.440744,0.489716,0.0714985
0.420951,0.485936,0.0969932
0.428295,0.47093,0.10562
0.466667,0.457005,0.0782609
0.441546,0.464734,0.0985507
0.417551,0.492768,0.096432
0.423564,0.493671,0.0886076
0.440313,0.458904,0.103718
0.419922,0.477539,0.103516
0.426901,0.496101,0.0818713
0.436893,0.478641,0.0873786
0.47076,0.451267,0.0808967
0.451208,0.476329,0.0763285
0.40176,0.509286,0.0928641
0.424272,0.476699,0.100971
0.4294,0.495164,0.0783366
0.422481,0.481589,0.0978682
0.437255,0.476471,0.0892157
0.403941,0.500493,0.0965517
0.419729,0.502901,0.0793037
0.432459,0.474247,0.0962099
0.408738,0.500971,0.0970874
0.420898,0.481445,0.103516
0.405615,0.500484,0.0997096
0.434402,0.487852,0.0806608
0.444123,0.478805,0.0809249
0.432459,0.488824,0.0806608
0.431202,0.48062,0.0891473
0.419729,0.492263,0.0889749
0.430769,0.479808,0.0942308
0.437073,0.479024,0.0878049
0.426485,0.481986,0.0934761
0.422852,0.485352,0.0947266
0.422439,0.48,0.100488
0.427053,0.484058,0.0917874
0.440154,0.485521,0.0772201
0.426053,0.483839,0.093046
0.436523,0.478516,0.0878906
0.452867,0.47036,0.079689
0.449951,0.469388,0.0835763
0.404505,0.509305,0.0891283
0.413022,0.505345,0.0835763
0.442927,0.468293,0.0936585
0.448109,0.482056,0.0737148
0.422072,0.482091,0.100678
0.403883,0.501942,0.0990291
0.459302,0.450581,0.0910853
0.430815,0.476938,0.0951914
0.445516,0.476374,0.0848602
0.435328,0.493243,0.0772201
0.430784,0.482091,0.0909971
0.420898,0.495117,0.0927734
0.401544,0.52027,0.0839768
0.405588,0.50578,0.0915222
0.45098,0.469608,0.0813725
0.414986,0.505283,0.0893372
0.43617,0.488395,0.0841393
0.424038,0.4875,0.0932692
0.427474,0.497598,0.0806916
0.419132,0.490138,0.0927022
0.409884,0.499031,0.0949612
0.437921,0.480269,0.0875842
0.421203,0.500478,0.0840497
0.441319,0.459748,0.104753
0.407984,0.510224,0.0847128
0.415774,0.504382,0.0847128
0.436047,0.487403,0.0823643
0.426104,0.489443,0.0863724
0.408602,0.482893,0.111437
0.412169,0.487733,0.102061
0.447139,0.479146,0.0805044
0.466019,0.456311,0.0786408
0.453839,0.4655,0.0884354
0.441546,0.466667,0.0966184
0.451707,0.46439,0.0839024
0.432195,0.481951,0.0868293
0.426372,0.492782,0.0837344
0.451801,0.45667,0.0954236
0.460348,0.453578,0.0870406
0.396702,0.504365,0.101843
0.415222,0.496146,0.0924855
0.411535,0.496579,0.0957967
0.440313,0.481409,0.0880626
0.413255,0.502924,0.08577
0.411935,0.491819,0.105871
0.452703,0.476834,0.0752896
0.451172,0.47168,0.0820312
0.42607,0.477626,0.0992218
0.441973,0.494197,0.0744681
0.406647,0.509286,0.0879765
0.450338,0.467695,0.0819672
0.435203,0.473888,0.0938104
0.432039,0.48932,0.0834951
0.435749,0.477295,0.0908213
0.445959,0.481013,0.0788705
0.430784,0.493708,0.0813166
0.431907,0.4893,0.0836576
0.404483,0.508772,0.0916179
0.402547,0.498531,0.100881
0.44086,0.486804,0.0742913
0.414467,0.485826,0.100684
0.428016,0.483463,0.0894942
0.440079,0.479371,0.0815324
0.474708,0.449416,0.077821
0.437255,0.466667,0.0980392
0.438835,0.480583,0.084466
0.435421,0.46771,0.10274
0.42029,0.492754,0.0908213
0.450539,0.480901,0.0714985
0.411594,0.50628,0.0888889
0.459016,0.445516,0.100289
0.409789,0.492322,0.101727
0.450145,0.477251,0.0774443
0.406037,0.516066,0.0817916
0.440777,0.480583,0.0815534
0.407262,0.509323,0.0843965
0.42259,0.47517,0.105161
0.436837,0.480231,0.0858245
0.42289,0.503395,0.0795344
0.421769,0.503401,0.0816327
0.458654,0.473077,0.0730769
0.44,0.477073,0.0868293
0.444444,0.47076,0.0877193
0.420136,0.500484,0.0822846
0.432617,0.476562,0.0908203
0.407767,0.523301,0.0737864
0.437259,0.486486,0.0801158
0.414062,0.500977,0.0878906
0.413693,0.51109,0.0810029
0.427593,0.496086,0.0802348
0.430636,0.480732,0.0944123
0.458537,0.458537,0.0868293
0.427466,0.489362,0.089942
0.42607,0.486381,0.0894942
0.418217,0.495593,0.0881489
0.440117,0.467381,0.0993184
0.429543,0.49174,0.0826045
0.392368,0.5,0.114481
0.445621,0.465833,0.0943215
0.413424,0.505837,0.0856031
0.424565,0.496132,0.082205
0.413064,0.512008,0.079731
0.453398,0.445631,0.103883
0.449904,0.454721,0.0982659
0.410281,0.509214,0.0872939
0.402547,0.520078,0.0812929
0.47093,0.45155,0.0823643
0.463796,0.462818,0.0733855
0.42304,0.493708,0.0880929
0.447805,0.478049,0.0760976
0.435673,0.480507,0.0867446
0.407336,0.495174,0.103282
0.460117,0.445525,0.0972763
0.434185,0.480354,0.0903733
0.461613,0.455782,0.0874636
0.437196,0.473223,0.0915287
0.440976,0.479024,0.0829268
0.429268,0.482927,0.0907317
0.420696,0.498066,0.0860735
0.42192,0.488846,0.0940834
0.438224,0.47973,0.0888031
0.425388,0.476744,0.0988372
0.444012,0.478092,0.083739
0.433594,0.492188,0.078125
0.431051,0.48216,0.0916104
0.427053,0.501449,0.0763285
0.424155,0.494686,0.084058
0.445959,0.466407,0.090555
0.437984,0.485465,0.0823643
0.438545,0.479843,0.0816126
0.44971,0.469052,0.0860735
0.458333,0.452519,0.0910853
0.43973,0.481196,0.0838959
0.422549,0.495098,0.0833333
0.423712,0.49174,0.0894072
0.468023,0.453488,0.0823643
0.463768,0.457971,0.0821256
0.428431,0.47451,0.10098
0.434402,0.469388,0.0991254
0.409533,0.5107,0.0797665
0.432039,0.481553,0.0902913
0.42871,0.482056,0.0940834
0.469786,0.448343,0.0847953
0.414658,0.487946,0.102218
0.413827,0.49075,0.0993184
0.416748,0.489776,0.0963973
0.441006,0.471954,0.0918762
0.432327,0.471276,0.0983447
0.421206,0.486381,0.0953307
0.429412,0.471569,0.1
0.432692,0.467308,0.101923
0.45619,0.462857,0.087619
0.435159,0.497598,0.0739673
0.430815,0.486752,0.0883219
0.43259,0.473327,0.099903
0.424905,0.494297,0.0855513
0.41349,0.492669,0.0948192
0.446169,0.488846,0.0678952
0.446498,0.478599,0.0797665
0.418515,0.493732,0.0906461
0.433654,0.4875,0.0826923
0.45314,0.471498,0.0792271
0.416988,0.498069,0.0945946
0.443038,0.462512,0.0983447
0.445312,0.472656,0.0839844
0.410156,0.49707,0.0986328
0.447241,0.477251,0.0832527
0.43095,0.486778,0.0871694
0.437622,0.494152,0.0740741
0.456922,0.463698,0.0861568
0.424447,0.490857,0.0904716
0.429412,0.492157,0.0813725
0.422481,0.499031,0.0862403
0.44186,0.482558,0.0794574
0.41537,0.506809,0.0797665
0.422072,0.481123,0.100678
0.457198,0.452335,0.0924125
0.434995,0.492669,0.0782014
0.428848,0.484027,0.089061
0.434995,0.478983,0.086999
0.456311,0.464078,0.0815534
0.420276,0.480315,0.103346
0.442157,0.462745,0.0970588
0.42774,0.481086,0.0960233
0.411707,0.48878,0.10439
0.41437,0.505906,0.0836614
0.448706,0.478428,0.0805369
0.439306,0.463391,0.100193
0.4258,0.487876,0.0911736
0.413592,0.506796,0.0854369
0.420332,0.503421,0.0772239
0.426485,0.497566,0.0788705
0.435547,0.494141,0.0761719
0.443902,0.477073,0.0809756
0.452541,0.46884,0.0834132
0.40411,0.509785,0.0900196
0.428158,0.498554,0.0771456
0.409709,0.494175,0.0990291
0.43162,0.476237,0.099903
0.429406,0.491723,0.0817916
0.409266,0.498069,0.101351
0.454106,0.462802,0.0859903
0.435034,0.493744,0.0712223
0.435798,0.470817,0.0953307
0.444012,0.481986,0.0769231
0.445312,0.470703,0.0849609
0.434868,0.490695,0.0773751
0.44058,0.471498,0.094686
0.466151,0.448743,0.0909091
0.43122,0.491707,0.08
0.431507,0.479452,0.090998
0.424155,0.495652,0.0859903
0.41001,0.489894,0.102984
0.439379,0.462658,0.100873
0.407946,0.496124,0.101744
0.430233,0.486434,0.0872093
0.432617,0.482422,0.0927734
0.437318,0.487852,0.0826045
0.41376,0.49031,0.0988372
0.438224,0.473938,0.0945946
0.438356,0.484344,0.0831703
0.402174,0.508893,0.0899209
0.405458,0.499025,0.0984405
0.425781,0.496094,0.0839844
0.45633,0.448479,0.0981354
0.409487,0.493708,0.100678
0.417808,0.494129,0.0890411
0.407843,0.496078,0.0980392
0.428016,0.493191,0.0826848
0.401374,0.513248,0.0883219
0.446169,0.477207,0.0805044
0.446394,0.482456,0.0750487
0.424272,0.485437,0.0902913
0.433723,0.477583,0.0925926
0.411079,0.512148,0.079689
0.411423,0.49758,0.0948693
0.462598,0.438976,0.0994094
0.425265,0.48216,0.096432
0.439001,0.475504,0.0902978
0.446602,0.466019,0.0951456
0.417636,0.493217,0.0891473
0.440039,0.488395,0.0783366
0.444338,0.485605,0.0834933
0.416907,0.494717,0.092219
0.439497,0.475315,0.0880929
0.440891,0.473837,0.0891473
0.428988,0.492218,0.0885214
0.431907,0.494163,0.0758755
0.455598,0.462355,0.0849421
0.414467,0.516129,0.0782014
0.426499,0.482592,0.0909091
0.434489,0.473988,0.0973025
0.444338,0.458733,0.0998081
0.435374,0.479106,0.0894072
0.439614,0.463768,0.0985507
0.382066,0.528265,0.0925926
0.440079,0.479371,0.0825147
0.43122,0.476098,0.097561
0.419038,0.483808,0.0971541
0.464981,0.450389,0.0875486
0.432302,0.471954,0.10058
0.411133,0.510742,0.0810547
0.434741,0.464491,0.103647
0.417231,0.477251,0.10939
0.444444,0.473684,0.082846
0.444871,0.480345,0.084372
0.431467,0.472008,0.101351
0.44152,0.47076,0.0925926
0.425656,0.474247,0.103984
0.407443,0.510496,0.0877863
0.409836,0.509161,0.0877531
0.440808,0.480269,0.0875842
0.46124,0.47093,0.0697674
0.420488,0.479024,0.101463
0.43617,0.484526,0.0851064
0.442623,0.470588,0.0925747
0.429543,0.487852,0.0864917
0.42623,0.493732,0.0867888
0.457644,0.461538,0.083739
0.42289,0.492726,0.085354
0.445419,0.467836,0.0896686
0.421663,0.48646,0.0947776
0.428988,0.488327,0.0885214
0.390927,0.505792,0.107143
0.41691,0.50243,0.0874636
0.424094,0.503428,0.0783546
0.426372,0.490857,0.0904716
0.419417,0.484466,0.0970874
0.435407,0.485167,0.0899522
0.437801,0.472517,0.0935391
0.431929,0.479922,0.0950049
0.405854,0.500488,0.0956098
0.426901,0.482456,0.0955166
0.43314,0.477713,0.0910853
0.454017,0.464666,0.0832527
0.408085,0.512031,0.0827719
0.468208,0.450867,0.0876686
0.418853,0.48688,0.0962099
0.420488,0.505366,0.0770732
0.420543,0.487403,0.0978682
0.447241,0.46273,0.0919652
0.431051,0.469624,0.103182
0.439571,0.473684,0.0877193
0.424618,0.494275,0.0896947
0.422222,0.503382,0.0801932
0.443249,0.471624,0.0870841
0.43695,0.475073,0.0928641
0.437259,0.488417,0.0762548
0.415698,0.491279,0.103682
0.441838,0.473118,0.0899316
0.431238,0.493124,0.0785855
0.429395,0.474544,0.100865
0.431467,0.496139,0.0762548
0.402724,0.506809,0.094358
0.436523,0.480469,0.0839844
0.423152,0.479572,0.0992218
0.438409,0.468477,0.0969932
0.413659,0.51122,0.0809756
0.430528,0.492172,0.0802348
0.446184,0.460861,0.0958904
0.42968,0.494665,0.0805044
0.411025,0.505803,0.0918762
0.440233,0.478134,0.0835763
0.441205,0.47036,0.0913508
0.405197,0.517806,0.0827719
0.42192,0.510184,0.071775
0.438766,0.48891,0.0819672
0.412221,0.507274,0.0872939
0.433688,0.479187,0.0948693
0.435453,0.480732,0.0876686
0.425944,0.493708,0.0880929
0.420951,0.489816,0.0940834
0.433654,0.483654,0.0846154
0.432327,0.492697,0.0788705
0.435996,0.484119,0.0856593
0.429688,0.487305,0.0849609
0.433944,0.486017,0.0858245
0.436346,0.471331,0.0962099
0.449177,0.468538,0.0861568
0.447776,0.452611,0.106383
0.422439,0.493659,0.0868293
0.438647,0.479227,0.0859903
0.451613,0.463343,0.086999
0.445411,0.469565,0.0869565
0.413894,0.492172,0.0949119
0.466019,0.450485,0.0883495
0.416342,0.499027,0.0865759
0.449756,0.459512,0.0926829
0.453398,0.471845,0.0757282
0.431467,0.48166,0.0926641
0.418605,0.498062,0.0872093
0.428293,0.48878,0.0858537
0.447703,0.464321,0.0909091
0.420696,0.497099,0.0889749
0.453846,0.467308,0.0826923
0.42439,0.475122,0.10439
0.406763,0.498551,0.0966184
0.446394,0.452242,0.106238
0.411025,0.491296,0.102515
0.447847,0.470813,0.0899522
0.428016,0.491245,0.0856031
0.442607,0.485409,0.0787938
0.416023,0.489382,0.0984556
0.431467,0.489382,0.0839768
0.419355,0.501898,0.0844402
0.408203,0.498047,0.100586
0.411133,0.50293,0.09375
0.427606,0.502896,0.0743243
0.44898,0.462585,0.0894072
0.453839,0.461613,0.090379
0.420136,0.501452,0.0861568
0.419884,0.517375,0.0685328
0.421359,0.493204,0.0873786
0.425819,0.492293,0.0867052
0.423484,0.500481,0.0837344
0.416505,0.493204,0.0961165
0.419825,0.493683,0.0884354
0.436715,0.468599,0.0966184
0.421104,0.49758,0.0851888
0.430502,0.490347,0.0859073
0.415058,0.498069,0.0945946
0.408915,0.506783,0.0881783
0.443038,0.472249,0.0856865
0.425388,0.491279,0.0872093
0.426357,0.481589,0.0959302
0.426628,0.482993,0.0962099
0.428019,0.476329,0.101449
0.415686,0.496078,0.0921569
0.443149,0.472303,0.0913508
0.409311,0.500485,0.0940834
0.412051,0.50243,0.0884354
0.429952,0.491787,0.0801932
0.456647,0.459538,0.0857418
0.43314,0.489341,0.0784884
0.386167,0.520653,0.0960615
0.417647,0.494118,0.0941176
0.416992,0.485352,0.101562
0.431599,0.490366,0.0809249
0.403304,0.490768,0.107872
0.411992,0.509671,0.0802708
0.425944,0.486931,0.0919652
0.425714,0.48,0.101905
0.454985,0.458858,0.089061
0.411937,0.497065,0.0919765
0.437008,0.472441,0.0925197
0.445419,0.465887,0.0935673
0.440465,0.482091,0.0813166
0.427184,0.485437,0.0902913
0.428164,0.498573,0.0780209
0.433944,0.485053,0.0896818
0.450048,0.468477,0.0834142
0.425962,0.486538,0.0932692
0.416988,0.5,0.0868726
0.45499,0.466732,0.0812133
0.436346,0.480078,0.090379
0.4,0.516667,0.0852941
0.448343,0.467836,0.0877193
0.459903,0.458937,0.084058
0.44112,0.494208,0.0723938
0.452794,0.466281,0.0857418
0.410959,0.508806,0.0821918
0.447876,0.470077,0.0878378
0.438835,0.481553,0.084466
0.425656,0.490768,0.0884354
0.431752,0.480155,0.0948693
0.438356,0.480431,0.0821918
0.414587,0.484645,0.108445
0.447674,0.47093,0.0852713
0.435749,0.488889,0.0792271
0.450772,0.480695,0.0743243
0.418112,0.49422,0.0934489
0.445525,0.464981,0.0894942
0.439883,0.479961,0.0811339
0.442197,0.470135,0.0963391
0.416023,0.497104,0.0936293
0.466019,0.469903,0.0699029
0.420039,0.495183,0.0915222
0.419884,0.500965,0.0839768
0.42471,0.492278,0.0849421
0.44858,0.474045,0.0783546
0.446829,0.441951,0.113171
0.438529,0.484027,0.0842207
0.431752,0.479187,0.0939013
0.430087,0.486017,0.0887175
0.43829,0.473275,0.0942663
0.414894,0.482592,0.10735
0.458617,0.470302,0.0720545
0.412391,0.518877,0.071636
0.429816,0.485963,0.0861568
0.427451,0.482353,0.095098
0.446705,0.468023,0.0901163
0.432302,0.48646,0.0841393
0.40856,0.498054,0.0972763
0.422741,0.49174,0.090379
0.398838,0.496612,0.108422
0.442064,0.476144,0.0847128
0.441346,0.475,0.0884615
0.442401,0.480155,0.0842207
0.442043,0.471513,0.0874263
0.452849,0.467583,0.0834971
0.420444,0.505304,0.0781099
0.450923,0.456754,0.0962099
0.414467,0.490714,0.0967742
0.438529,0.478219,0.0842207
0.408023,0.503914,0.092955
0.421663,0.500967,0.082205
0.401742,0.511133,0.0939013
0.40998,0.5,0.0919765
0.43122,0.47122,0.100488
0.421769,0.493683,0.0932945
0.418515,0.481196,0.10704
0.404505,0.490695,0.107738
0.426214,0.496117,0.0815534
0.426485,0.484907,0.090555
0.403475,0.506757,0.0965251
0.452885,0.475,0.0778846
0.442401,0.471442,0.090029
0.430515,0.490768,0.0864917
0.442085,0.466216,0.0974903
0.430233,0.484496,0.0881783
0.428986,0.479227,0.0966184
0.429122,0.493732,0.0819672
0.449803,0.474409,0.0787402
0.445312,0.46875,0.0898438
0.433981,0.483495,0.0873786
0.43695,0.489736,0.0772239
0.432039,0.473786,0.0980583
0.445092,0.469388,0.090379
0.437073,0.485854,0.0819512
0.431202,0.466085,0.10562
0.424805,0.479492,0.0976562
0.417476,0.484466,0.0990291
0.442383,0.469727,0.0888672
0.427053,0.478261,0.0975845
0.419167,0.496612,0.0909971
0.425944,0.484995,0.0939013
0.436098,0.486829,0.0790244
0.427184,0.487379,0.0873786
0.450923,0.47619,0.0767736
0.416667,0.495155,0.0930233
0.436399,0.462818,0.101761
0.42131,0.481916,0.0977517
0.442607,0.477626,0.0836576
0.443478,0.484058,0.0753623
0.425243,0.487379,0.0932039
0.47093,0.44186,0.0910853
0.416507,0.495202,0.0921305
0.424419,0.487403,0.0939922
0.456459,0.467943,0.0794258
0.426901,0.47271,0.102339
0.428293,0.476098,0.0995122
